url,status,http,final_url,source_line,note
https://github.com/frangelbarrera/osint-agent-skills,OK,200,https://github.com/frangelbarrera/osint-agent-skills,,32
https://github.com/frangelbarrera/Abster-Intelligence,OK,200,https://github.com/frangelbarrera/Abster-Intelligence,,33
https://github.com/frangelbarrera/agentic-harness,OK,200,https://github.com/frangelbarrera/agentic-harness,,34
https://github.com/soxoj/maigret,OK,200,https://github.com/soxoj/maigret,,59
https://haveibeenpwned.com,OK,200,https://haveibeenpwned.com/,,60
https://www.infobel.com,BLOCKED,403,https://www.infobel.com/,"WAF, geo-restriction or login wall: check in a browser",61
https://github.com/snooppr/snoop,OK,200,https://github.com/snooppr/snoop,,62
https://exiftool.org,OK,200,https://exiftool.org/,,63
https://github.com/owasp-amass/amass,OK,200,https://github.com/owasp-amass/amass,,64
https://shodan.io,BLOCKED,403,https://www.shodan.io/,"WAF, geo-restriction or login wall: check in a browser",65
https://live.blockcypher.com,BLOCKED,403,https://live.blockcypher.com/,"WAF, geo-restriction or login wall: check in a browser",66
https://duckduckgo.com/bang,REDIRECT,200,https://duckduckgo.com/bangs,update to the canonical URL,109
https://yandex.com,OK,200,https://yandex.com/,,110
https://baidu.com,REDIRECT,200,https://www.baidu.com/,update to the canonical URL,111
https://startpage.com,REDIRECT,200,https://www.startpage.com/sp/captcha-block?bc=US&bi=Amazon.com&be=a20206ac850c2c27e1bd042eeffe6e55&bds_t=1790354218T74d72929834175469da255610f337aad5215b8e701f4755f7a8b18de5cff5dd5&bds_s=ad07a770c78a41ee841dfa35f692a235&language=english&lui=english&t=device&query=&cat=web&sc=665xzJlcj3IrcOvEFyLswu9VqJhvzRCaLbHuTfr88VSIGx1trv7edKjjRvwd1KucVuJA3FdvcqCI3BDR3&cmd=gen_page,update to the canonical URL,112
https://censys.com/,OK,200,https://censys.com/,,114
https://fofa.info,OK,200,https://fofa.info/,,115
https://binaryedge.io,BLOCKED,403,https://help.coalitioninc.com/hc/en-us/articles/34383910057371-BinaryEdge-Transition-FAQ,"WAF, geo-restriction or login wall: check in a browser",116
https://hunter.io,OK,200,https://hunter.io/,,117
https://publicwww.com,OK,200,https://publicwww.com/,,118
https://searchcode.com,OK,200,https://searchcode.com/,,119
https://www.similarsites.com,OK,200,https://www.similarsites.com/,,120
https://netlas.io,OK,200,https://netlas.io/,,121
https://www.criminalip.io,OK,200,https://www.criminalip.io/,,122
https://www.nerdydata.com,OK,200,https://www.nerdydata.com/,,123
https://www.greynoise.io,OK,200,https://www.greynoise.io/,,124
https://analyze.intezer.com,OK,200,https://analyze.intezer.com/,,125
https://opentip.kaspersky.com,OK,200,https://opentip.kaspersky.com/,,126
https://virustotal.com,REDIRECT,200,https://www.virustotal.com/gui/,update to the canonical URL,127
https://otx.alienvault.com,OK,200,https://otx.alienvault.com/,,128
https://www.exploit-db.com,OK,200,https://www.exploit-db.com/,,129
https://bazaar.abuse.ch,OK,200,https://bazaar.abuse.ch/,,130
https://www.malwarepatrol.net,OK,200,https://www.malwarepatrol.net/,,131
https://www.phishtank.com,OK,200,https://www.phishtank.com/,,132
https://urlhaus.abuse.ch,OK,200,https://urlhaus.abuse.ch/,,133
https://yaraify.abuse.ch,OK,200,https://yaraify.abuse.ch/,,134
https://pulsedive.com,OK,200,https://pulsedive.com/,,135
https://threatfox.abuse.ch,OK,200,https://threatfox.abuse.ch/,,136
https://breachdirectory.org,BLOCKED,403,https://breachdirectory.org/,"WAF, geo-restriction or login wall: check in a browser",137
https://dnsviz.net,OK,200,https://dnsviz.net/,,139
https://dnsdumpster.com,BLOCKED,403,https://dnsdumpster.com/,"WAF, geo-restriction or login wall: check in a browser",140
https://spyonweb.com,NO_RESPONSE,,,TLS error,141
https://github.com/Owez/yark,OK,200,https://github.com/Owez/yark,,142
https://covertactionmagazine.com,OK,200,https://covertactionmagazine.com/,,143
https://www.trellix.com/en-us/about/newsroom/stories/research.html,NO_RESPONSE,,,ReadTimeout,144
https://research.checkpoint.com,OK,200,https://research.checkpoint.com/,,145
https://www.wikistrat.com/blog,OK,200,https://www.wikistrat.com/blog,,146
https://polyswarm.network,OK,200,https://polyswarm.network/,,147
https://hackerone.com/hacktivity,REDIRECT,200,https://hackerone.com/hacktivity/overview,update to the canonical URL,148
https://wikileaks.org,OK,200,https://wikileaks.org/,,149
https://talosintelligence.com/vulnerability_reports,OK,200,https://talosintelligence.com/vulnerability_reports,,150
https://malapi.io,OK,200,https://malapi.io/,,151
https://usersearch.org,OK,200,https://usersearch.org/,,152
https://securelist.com,OK,200,https://securelist.com/,,153
https://www.splcenter.org/hate-map,OK,200,https://www.splcenter.org/hate-map/,,154
https://icsr.info,BLOCKED,403,https://icsr.info/,"WAF, geo-restriction or login wall: check in a browser",155
https://www.militantwire.com,OK,200,https://www.militantwire.com/,,156
https://www.start.umd.edu/publications,OK,200,https://www.start.umd.edu/publications,,157
https://www.splcenter.org/resources,OK,200,https://www.splcenter.org/resources/,,158
https://trackingterrorism.org,BLOCKED,403,https://trackingterrorism.org/,"WAF, geo-restriction or login wall: check in a browser",159
https://mappingmilitants.org/,OK,200,https://mappingmilitants.org/,,160
https://news.usni.org,OK,200,https://news.usni.org/,,161
https://www.iir.cz/en,OK,200,https://www.iir.cz/en/,,162
https://www.janes.com,OK,200,https://www.janes.com/,,163
https://tass.com,OK,200,https://tass.com/,,164
https://sputnikglobe.com,OK,200,https://sputnikglobe.com/,,165
https://www.pakpips.com,OK,200,https://www.pakpips.com/,,166
https://www.picss.net,OK,200,https://www.picss.net/,,167
https://www.reuters.com,BLOCKED,401,https://www.reuters.com/,"WAF, geo-restriction or login wall: check in a browser",168
https://rt.com,REDIRECT,200,https://www.rt.com/,update to the canonical URL,169
https://internetactivism.org,OK,200,https://internetactivism.org/,,170
https://iiss.org,REDIRECT,200,https://www.iiss.org/,update to the canonical URL,171
https://cfr.org/newsletters,REDIRECT,200,https://link.cfr.org/join/66n/signup&hash=2d4c5929e9e04cc42f5cd375fb8dcfb1,update to the canonical URL,172
https://sci-hub.ru,OK,200,https://sci-hub.ru/,,173
https://www.researchhub.com,OK,200,https://www.researchhub.com/,,174
https://www.idcrawl.com,OK,202,https://www.idcrawl.com/,,175
https://osint.industries,REDIRECT,200,https://www.osint.industries/,update to the canonical URL,176
https://espysys.com/,OK,200,https://espysys.com/,,177
https://sunders.uber.space,OK,200,https://sunders.uber.space/,,178
https://deepinfo.com,REDIRECT,200,https://www.deepinfo.com/,update to the canonical URL,179
https://getsession.org,OK,200,https://getsession.org/,,180
https://consortiumnews.com,OK,200,https://consortiumnews.com/,,181
https://tuta.com/,OK,200,https://tuta.com/,,182
https://cpj.org,OK,200,https://cpj.org/,,183
https://www.securityweek.com,OK,200,https://www.securityweek.com/,,184
https://networkcontagion.us,BLOCKED,403,https://networkcontagion.us/,"WAF, geo-restriction or login wall: check in a browser",185
https://geopoliticaleconomy.com,OK,200,https://geopoliticaleconomy.com/,,186
https://thegrayzone.com,OK,200,https://thegrayzone.com/,,187
https://www.flightaware.com,OK,200,https://www.flightaware.com/,,188
https://www.flightradar24.com,BLOCKED,403,https://www.flightradar24.com/,"WAF, geo-restriction or login wall: check in a browser",189
https://www.marinetraffic.com,BLOCKED,403,https://www.marinetraffic.com/,"WAF, geo-restriction or login wall: check in a browser",190
https://www.vesselfinder.com,OK,200,https://www.vesselfinder.com/,,191
https://newspaperarchive.com,BLOCKED,403,https://newspaperarchive.com/,"WAF, geo-restriction or login wall: check in a browser",192
https://indianexpress.com,OK,200,https://indianexpress.com/,,193
https://www.dailyexcelsior.com/,OK,200,https://www.dailyexcelsior.com/,,194
https://www.dnaindia.com,BLOCKED,403,https://www.dnaindia.com/,"WAF, geo-restriction or login wall: check in a browser",195
https://www.greaterkashmir.com,OK,200,https://www.greaterkashmir.com/,,196
https://www.nagalandpost.com,REDIRECT,200,https://nagalandpost.com/,update to the canonical URL,197
https://www.rferl.org,OK,200,https://www.rferl.org/,,198
https://www.akto.io,OK,200,https://www.akto.io/,,199
https://generated.photos,OK,200,https://generated.photos/,,200
https://hdrobots.com,OK,200,https://hdrobots.com/,,201
https://www.channel4.com/news,OK,200,https://www.channel4.com/news/,,202
https://threatmon.io/reports,OK,200,https://threatmon.io/reports/,,203
https://data.gov.il/,REDIRECT,200,https://data.gov.il/he,update to the canonical URL,204
https://elevenlabs.io/dubbing,REDIRECT,200,https://elevenlabs.io/dubbing-studio,update to the canonical URL,205
https://next.obudget.org/?lang=en,OK,200,https://next.obudget.org/?lang=en,,206
https://www.shipspotting.com,BLOCKED,403,https://www.shipspotting.com/,"WAF, geo-restriction or login wall: check in a browser",207
https://www.broadcastify.com,OK,200,https://www.broadcastify.com/,,208
https://www.opencellid.org,OK,200,https://www.opencellid.org/,,209
https://aviationstack.com,OK,200,https://aviationstack.com/,,210
https://www.documentcloud.org/documents/,BLOCKED,403,https://www.documentcloud.org/documents/,"WAF, geo-restriction or login wall: check in a browser",211
https://idrw.org,OK,200,https://idrw.org/,,212
https://exchange.xforce.ibmcloud.com,OK,200,https://exchange.xforce.ibmcloud.com/,,213
https://www.scumware.org,OK,200,https://www.scumware.org/,,214
https://nagix.github.io/ukraine-livecams,OK,200,https://nagix.github.io/ukraine-livecams/,,215
http://www.the-webcam-network.com,OK,200,http://www.the-webcam-network.com/,,216
https://www.opentopia.com/,OK,200,https://www.opentopia.com/,,217
https://www.transparency.org,REDIRECT,200,https://www.transparency.org/en/,update to the canonical URL,218
https://www.occrp.org/en,OK,200,https://www.occrp.org/en,,220
https://qsourcer.com/qdorks,OK,200,https://qsourcer.com/qdorks,,221
https://radio.garden,OK,200,https://radio.garden/,,222
https://osint.lolarchiver.com,BLOCKED,403,https://osint.lolarchiver.com/,"WAF, geo-restriction or login wall: check in a browser",223
https://breachbase.com,OK,200,https://breachbase.com/,,224
https://worldcam.eu,OK,200,https://worldcam.eu/,,225
https://www.webcamgalore.com,OK,200,https://www.webcamgalore.com/,,226
https://www.wifimap.io,OK,200,https://www.wifimap.io/,,227
https://otc.armchairresearch.org/map,OK,200,https://otc.armchairresearch.org/map,,228
https://www.skylinewebcams.com/en/webcam,REDIRECT,200,https://www.skylinewebcams.com/en/webcam.html,update to the canonical URL,229
https://www.pictimo.com,OK,200,https://www.pictimo.com/,,230
https://instances.social,OK,200,https://instances.social/,,231
https://www.camhacker.com,BLOCKED,403,https://www.camhacker.com/,"WAF, geo-restriction or login wall: check in a browser",232
https://labs.tib.eu/geoestimation,OK,200,https://labs.tib.eu/geoestimation/,,233
https://picarta.ai,OK,200,https://picarta.ai/,,234
https://www.tiny-scan.com,OK,200,https://www.tiny-scan.com/,,235
https://www.cybersecurity-help.cz/vdb/zero-days/,OK,200,https://www.cybersecurity-help.cz/vdb/zero-days/,,236
https://predictasearch.com,REDIRECT,200,https://www.predictasearch.com/,update to the canonical URL,237
https://www.ventusky.com,OK,200,https://www.ventusky.com/,,238
https://osv.dev,OK,200,https://osv.dev/,,239
https://ess.coalitioninc.com,OK,200,https://ess.coalitioninc.com/,,240
https://app.validin.com,REDIRECT,200,https://app.validin.com/login,update to the canonical URL,241
https://www.circl.lu/services/passive-dns,OK,200,https://www.circl.lu/services/passive-dns/,,242
https://github.com/gmatuz/inthewilddb,OK,200,https://github.com/gmatuz/inthewilddb,,243
https://quake.360.net,REDIRECT,200,https://quake.360.net/quake/,update to the canonical URL,244
https://radar.cloudflare.com/traffic,BLOCKED,403,https://radar.cloudflare.com/traffic,"WAF, geo-restriction or login wall: check in a browser",245
https://crisis24.garda.com,REDIRECT,200,https://www.crisis24.com/,update to the canonical URL,246
https://arxiv.org,OK,200,https://arxiv.org/,,247
https://github.com/thehappydinoa/awesome-censys-queries,OK,200,https://github.com/thehappydinoa/awesome-censys-queries,,253
https://archive.org/web,REDIRECT,200,https://web.archive.org/,update to the canonical URL,256
https://cachedview.com,OK,200,https://cachedview.com/,,257
https://urlscan.io,OK,200,https://urlscan.io/,,258
https://ubikron.com,REDIRECT,200,https://www.ubikron.com/,update to the canonical URL,259
https://screenshot.guru,OK,200,https://screenshot.guru/,,260
https://stored.website,OK,200,https://stored.website/,,261
https://www.facebook.com/login/identify?ctx=recover,BLOCKED,400,https://www.facebook.com/login/identify?ctx=recover,"WAF, geo-restriction or login wall: check in a browser",276
https://www.social-searcher.com/,OK,200,https://www.social-searcher.com/,,277
https://lookup-id.com/,OK,200,https://lookup-id.com/,,278
https://whopostedwhat.com/,OK,200,https://whopostedwhat.com/,,279
https://www.sowsearch.info/,OK,200,https://www.sowsearch.info/,,280
https://intelx.io/tools,OK,200,https://intelx.io/tools,,281
https://www.facebook.com/directory/people/,BLOCKED,400,https://www.facebook.com/directory/people/,"WAF, geo-restriction or login wall: check in a browser",282
https://chromewebstore.google.com/detail/dumpitblue+/igmgknoioooacbcpcfgjigbaajpelbfe,OK,200,https://chromewebstore.google.com/detail/dumpitblue+/igmgknoioooacbcpcfgjigbaajpelbfe,,283
https://exportcomments.com/,OK,200,https://exportcomments.com/,,284
https://khalil-shreateh.com/khalil.shtml/social_applications/facebook-applications/,OK,200,https://khalil-shreateh.com/khalil.shtml/social_applications/facebook-applications/,,285
https://chromewebstore.google.com/detail/socialanalyzer-social-sen/efeikkcpimdfpdlmlbjdecnmkknjcfcp,REDIRECT,200,https://chromewebstore.google.com/detail/ads-library-downloader-ad/efeikkcpimdfpdlmlbjdecnmkknjcfcp,update to the canonical URL,286
https://analyzeid.com/,OK,200,https://analyzeid.com/,,287
https://plessas.net/facebookmatrix,OK,200,https://plessas.net/facebookmatrix,,289
https://stalkface.com/en/,OK,200,https://stalkface.com/en/,,291
https://searchisback.com/,OK,200,https://searchisback.com/,,292
https://fb-search.com,REDIRECT,200,https://socialix.io/facebook-search,update to the canonical URL,293
https://github.com/rugantio/fbcrawl,OK,200,https://github.com/rugantio/fbcrawl,,294
https://fdown.net,BLOCKED,403,https://fdown.net/,"WAF, geo-restriction or login wall: check in a browser",295
https://ifttt.com/instagram,OK,200,https://ifttt.com/instagram,,298
https://imginn.io/,OK,200,https://imginn.io/,,299
https://github.com/instaloader/instaloader,OK,200,https://github.com/instaloader/instaloader,,300
https://github.com/yezz123/SoIG,OK,200,https://github.com/yezz123/SoIG,,301
https://github.com/Datalux/Osintgram,OK,200,https://github.com/Datalux/Osintgram,,302
https://pypi.org/project/toutatis/,OK,200,https://pypi.org/project/toutatis/,,303
https://pypi.org/project/instalooter/,OK,200,https://pypi.org/project/instalooter/,,304
https://exportgram.net/,OK,200,https://exportgram.net/,,305
https://inflact.com/tools/profile-analyzer/,OK,200,https://inflact.com/tools/profile-analyzer/,,306
https://www.codeofaninja.com/tools/find-instagram-user-id/,BLOCKED,403,https://www.codeofaninja.com/tools/find-instagram-user-id/,"WAF, geo-restriction or login wall: check in a browser",307
https://instahunt.huntintel.io/,OK,200,https://instahunt.huntintel.io/,,308
https://musicaldown.com,BLOCKED,403,https://musicaldown.com/,"WAF, geo-restriction or login wall: check in a browser",309
https://recruitin.net/,OK,200,https://recruitin.net/,,312
https://rocketreach.co/person,OK,200,https://rocketreach.co/person,,313
https://phantombuster.com/phantombuster,OK,200,https://phantombuster.com/phantombuster,,314
https://linkedprospect.com/linkedin-boolean-search-tool/#tool,BLOCKED,403,https://linkedprospect.com/linkedin-boolean-search-tool/#tool,"WAF, geo-restriction or login wall: check in a browser",315
https://www.reversecontact.com/,OK,200,https://www.reversecontact.com/,,316
https://cse.google.com/cse?cx=daaf18e804f81bed0,OK,200,https://cse.google.com/cse?cx=daaf18e804f81bed0,,317
https://freepeoplesearchtool.com/#gsc.tab=0,OK,200,https://freepeoplesearchtool.com/#gsc.tab=0,,318
https://inteltechniques.com/tools/Linkedin.html,REDIRECT,200,https://inteltechniques.com/tools/Linkedin,update to the canonical URL,320
https://github.com/vysecurity/LinkedInt,OK,200,https://github.com/vysecurity/LinkedInt,,321
https://github.com/jobroche/InSpy,OK,200,https://github.com/jobroche/InSpy,,322
https://github.com/m8sec/CrossLinked,OK,200,https://github.com/m8sec/CrossLinked,,323
https://tweetdeck.twitter.com/,REDIRECT,200,https://x.com/i/jf/onboarding/web?mode=login&redirect_after_login=https%3A%2F%2Fpro.twitter.com,update to the canonical URL,327
https://followerwonk.com/bio,REDIRECT,200,https://followerwonk.com/search-bio.html,update to the canonical URL,328
https://twitter.com/search-advanced,DEAD,404,https://x.com/search-advanced,link is down: replace or remove,329
https://memory.lol/app/,OK,200,https://memory.lol/app/,,330
https://socialdata.tools/,OK,200,https://socialdata.tools/,,331
https://socialbearing.com/,REDIRECT,200,https://tomelliott.com/social-media/twitter-search-analytics-tool,update to the canonical URL,332
https://tinfoleak.com/,OK,200,https://tinfoleak.com/,,333
https://osome.iu.edu/tools/networks/,REDIRECT,200,https://osome.iu.edu/tools/osomenet/,update to the canonical URL,334
https://foller.me/,OK,200,https://foller.me/,,335
https://airtable.com/appyDhNeSetZU0rIw/shrceHfvukijgln9q/tblxgilU0SzfXNEwS/viwde4ACDDOpeJ8aO?blocks=bipxY3tKD5Lx0wmEU,OK,200,https://airtable.com/appyDhNeSetZU0rIw/shrceHfvukijgln9q/tblxgilU0SzfXNEwS/viwde4ACDDOpeJ8aO?blocks=bipxY3tKD5Lx0wmEU,,336
https://cache.digitaldigging.org/,OK,200,https://cache.digitaldigging.org/,,337
https://www.aware-online.com/en/osint-tools/twitter-search-tool/,OK,200,https://www.aware-online.com/en/osint-tools/twitter-search-tool/,,338
https://twittervideodownloader.com/,REDIRECT,200,https://twittervideodownloader.com/en/,update to the canonical URL,339
https://www.twtdata.com/,BLOCKED,403,https://www.twtdata.com/,"WAF, geo-restriction or login wall: check in a browser",340
https://www.twitonomy.com/,OK,200,https://www.twitonomy.com/,,341
https://tweeterid.com/,NO_RESPONSE,,,TLS error,342
https://birdhunt.huntintel.io/,OK,200,https://birdhunt.huntintel.io/,,343
https://github.com/twintproject/twint,OK,200,https://github.com/twintproject/twint,,344
http://sentiment140.com,REDIRECT,200,http://www.sentiment140.com,update to the canonical URL,345
https://xquik.com,REDIRECT,200,https://xquik.com/en,update to the canonical URL,346
https://chromewebstore.google.com/detail/downalbum/cgjnhhjpfcdhbhlcmmjppicjmgfkppok,REDIRECT,200,https://chromewebstore.google.com/detail/empty-title/cgjnhhjpfcdhbhlcmmjppicjmgfkppok,update to the canonical URL,349
https://www.expertsphp.com/pinterest-photo-downloader.html,REDIRECT,200,https://www.expertsphp.com/pinterest-photo-downloader/,update to the canonical URL,350
https://pingroupie.com/,OK,200,https://pingroupie.com/,,351
https://www.tailwindapp.com,OK,200,https://www.tailwindapp.com/,,352
https://addons.mozilla.org/en-US/firefox/addon/pinterest-guest,OK,200,https://addons.mozilla.org/en-US/firefox/addon/pinterest-guest/,,353
https://f5bot.com,OK,200,https://f5bot.com/,,356
http://kerrick.github.io/Mostly-Harmless/#features,OK,200,http://kerrick.github.io/Mostly-Harmless/#features,,357
https://www.osintcombine.com/tools,REDIRECT,200,https://www.osintcombine.com/free-osint-tools,update to the canonical URL,358
https://phantombuster.com/phantombuster?category=reddit,OK,200,https://phantombuster.com/phantombuster?category=reddit,,359
https://rdddeck.com,OK,502,https://rdddeck.com/,,360
https://chromewebstore.google.com/detail/readr-for-reddit/molhdaofohigaepljchpmfablknhabmo,REDIRECT,200,https://chromewebstore.google.com/detail/empty-title/molhdaofohigaepljchpmfablknhabmo,update to the canonical URL,361
https://redditcommentsearch.com,OK,200,https://redditcommentsearch.com/,,362
https://www.redditery.com/,OK,200,https://www.redditery.com/,,363
https://github.com/EdOverflow/hacks,OK,200,https://github.com/EdOverflow/hacks,,364
https://redditlist.com/,OK,200,https://redditlist.com/,,365
https://www.redditp.com,OK,200,https://www.redditp.com/,,366
https://realsrikar.github.io/reddit-search,OK,200,https://realsrikar.github.io/reddit-search/,,367
http://reddit-stream.com,OK,200,http://reddit-stream.com/,,368
https://chromewebstore.google.com/detail/reddit-enhancement-suite/kbmfpngjjgdllneeigpgjifpgocmfgmb,OK,200,https://chromewebstore.google.com/detail/reddit-enhancement-suite/kbmfpngjjgdllneeigpgjifpgocmfgmb,,369
https://atomiks.github.io/reddit-user-analyser,OK,200,https://atomiks.github.io/reddit-user-analyser/,,370
http://reditr.com,OK,200,http://reditr.com/,,371
https://reedditapp.com,OK,200,https://reedditapp.com/,,372
https://www.smat-app.com/timeline,OK,200,https://www.smat-app.com/timeline,,373
https://github.com/soxoj/socid_extractor,REDIRECT,200,https://github.com/soxoj/socid-extractor,update to the canonical URL,374
https://nikas.praninskas.com/suggest-subreddit,OK,200,https://nikas.praninskas.com/suggest-subreddit/,,375
http://subreddits.org,OK,200,http://subreddits.org/,,376
http://uforio.com,OK,200,http://uforio.com/,,377
https://github.com/JosephLai241/URS,OK,200,https://github.com/JosephLai241/URS,,378
https://redditstuff.github.io/sna/vizit,OK,200,https://redditstuff.github.io/sna/vizit/,,379
https://wisdomofreddit.com,OK,200,https://wisdomofreddit.com/,,380
https://awesomelists.calvinjeng.io/,OK,200,https://awesomelists.calvinjeng.io/,,383
https://coderstats.net,OK,200,https://coderstats.net/,,384
https://github.com/ffffffff0x/Digital-Privacy,OK,200,https://github.com/ffffffff0x/Digital-Privacy,,385
http://caius.github.io/github_id,OK,200,http://caius.github.io/github_id/,,386
http://www.gharchive.org,OK,200,http://www.gharchive.org/,,387
https://github.com/techgaun/github-dorks,OK,200,https://github.com/techgaun/github-dorks,,388
http://githubstars.com,OK,200,http://githubstars.com/,,389
https://mshibanami.github.io/GitHubTrendingRSS,OK,200,https://mshibanami.github.io/GitHubTrendingRSS/,,390
https://jonnygovish.github.io/Github-username-search-engine,OK,200,https://jonnygovish.github.io/Github-username-search-engine/,,391
https://githubnotes-47071.firebaseapp.com/#/?_k=n0bgxn,OK,200,https://githubnotes-47071.firebaseapp.com/#/?_k=n0bgxn,,392
https://githut.info,OK,200,https://githut.info/,,393
https://github.com/BishopFox/GitGot,OK,200,https://github.com/BishopFox/GitGot,,399
https://github.com/hisxo/gitGraber,OK,200,https://github.com/hisxo/gitGraber,,400
https://github.com/tillson/git-hound,OK,200,https://github.com/tillson/git-hound,,401
https://github.com/trufflesecurity/trufflehog,OK,200,https://github.com/trufflesecurity/trufflehog,,402
https://github.com/gitleaks/gitleaks,OK,200,https://github.com/gitleaks/gitleaks,,403
https://github.com/ORGNAME/repo.git,DEAD,404,https://github.com/ORGNAME/repo,link is down: replace or remove,436
https://github.com/hisxo/gitGraber.git,REDIRECT,200,https://github.com/hisxo/gitGraber,update to the canonical URL,450
http://add-me-contacts.com,OK,200,http://add-me-contacts.com/,,480
https://chattoday.com,BLOCKED,403,https://chattoday.com/,"WAF, geo-restriction or login wall: check in a browser",481
https://gebruikersnamen.nl/snapchat,OK,200,https://gebruikersnamen.nl/snapchat/,,482
https://www.osintcombine.com/snapchat-multi-viewer,REDIRECT,200,https://www.osintcombine.com/free-osint-tools,update to the canonical URL,483
https://github.com/nemec/snapchat-map-scraper,OK,200,https://github.com/nemec/snapchat-map-scraper,,484
https://www.snap.com/en-GB/political-ads,REDIRECT,200,https://www.snap.com/political-ads?lang=en-GB,update to the canonical URL,485
https://socialfinder.app,OK,200,https://socialfinder.app/,,486
https://github.com/Kr0wZ/SnapIntel,OK,200,https://github.com/Kr0wZ/SnapIntel,,487
https://addmes.io/,BLOCKED,403,https://addmes.io/,"WAF, geo-restriction or login wall: check in a browser",488
https://checkwa.online,OK,200,https://checkwa.online/,,491
http://www.fakewhats.com/generator,OK,200,http://www.fakewhats.com/generator,,492
https://github.com/zoutepopcorn/whatsfoto,OK,200,https://github.com/zoutepopcorn/whatsfoto,,493
https://whatsapp.checkleaked.cc,OK,200,https://whatsapp.checkleaked.cc/,,494
https://www.skypli.com,OK,200,https://www.skypli.com/,,499
https://chatbottle.co/bots/telegram,OK,200,https://chatbottle.co/bots/telegram,,502
https://github.com/paulpierre/informer,OK,200,https://github.com/paulpierre/informer,,504
https://lyzem.com,OK,200,https://lyzem.com/,,506
https://telegramchannels.me,BLOCKED,403,https://telegramchannels.me/,"WAF, geo-restriction or login wall: check in a browser",507
https://tlgrm.eu/channels,OK,200,https://tlgrm.eu/channels,,508
https://xtea.io/ts_en.html,OK,200,https://xtea.io/ts_en.html,,509
https://tdirectory.me,OK,200,https://tdirectory.me/,,510
https://www.telegram-group.com,REDIRECT,200,https://telegram-group.com/,update to the canonical URL,511
https://github.com/tvdstaaij/telegram-history-dump,OK,200,https://github.com/tvdstaaij/telegram-history-dump,,512
https://github.com/Postuf/telegram-osint-lib,OK,200,https://github.com/Postuf/telegram-osint-lib,,513
https://github.com/th3unkn0n/TeleGram-Scraper,OK,200,https://github.com/th3unkn0n/TeleGram-Scraper,,514
https://tgram.io,OK,200,https://tgram.io/,,515
https://tgstat.com,OK,200,https://tgstat.com/,,516
https://tgstat.ru,BLOCKED,403,https://tgstat.ru/,"WAF, geo-restriction or login wall: check in a browser",517
https://github.com/husseinmuhaisen/DiscordOSINT?tab=readme-ov-file#-discord-search-syntax-,OK,200,https://github.com/husseinmuhaisen/DiscordOSINT?tab=readme-ov-file#-discord-search-syntax-,,520
https://discord.name/,OK,200,https://discord.name/,,521
https://dht.chylex.com/,OK,200,https://dht.chylex.com/,,522
https://top.gg/,BLOCKED,403,https://top.gg/,"WAF, geo-restriction or login wall: check in a browser",523
https://discord.id/,OK,200,https://discord.id/,,524
https://disboard.org/,BLOCKED,403,https://disboard.org/,"WAF, geo-restriction or login wall: check in a browser",525
https://onlyfansfinder.co/,OK,200,https://onlyfansfinder.co/,,528
https://onlyfam.com,OK,200,https://onlyfam.com/,,529
https://onlyfinder.com/,BLOCKED,403,https://onlyfinder.com/,"WAF, geo-restriction or login wall: check in a browser",530
https://onlysearch.co/,OK,200,https://onlysearch.co/,,531
https://sotugas.com/,BLOCKED,403,https://sotugas.com/,"WAF, geo-restriction or login wall: check in a browser",532
https://fansmetrics.com/,BLOCKED,403,https://fansmetrics.com/,"WAF, geo-restriction or login wall: check in a browser",533
https://findr.fans/,REDIRECT,200,https://findr.fans/password,update to the canonical URL,534
https://hubite.com/en/onlyfans-search/,BLOCKED,403,https://hubite.com/en/onlyfans-search/,"WAF, geo-restriction or login wall: check in a browser",535
https://similarfans.com/,OK,200,https://similarfans.com/,,536
https://www.fansearch.com/,OK,304,https://www.fansearch.com/,,537
https://mavekite.com/,OK,200,https://mavekite.com/,,540
https://github.com/bellingcat/tiktok-hashtag-analysis,OK,200,https://github.com/bellingcat/tiktok-hashtag-analysis,,541
https://ssstik.io/en-1,REDIRECT,200,https://ssstik.io/,update to the canonical URL,542
https://exolyt.com/,OK,200,https://exolyt.com/,,543
https://earth.google.com,REDIRECT,200,https://earth.google.com/web/,update to the canonical URL,556
https://suncalc.org,REDIRECT,200,https://www.suncalc.org/,update to the canonical URL,557
https://overpass-turbo.eu,OK,200,https://overpass-turbo.eu/,,558
https://wigle.net,OK,200,https://wigle.net/,,563
https://github.com/GONZOsint/geowifi,OK,200,https://github.com/GONZOsint/geowifi,,584
https://browser.dataspace.copernicus.eu,OK,200,https://browser.dataspace.copernicus.eu/,,587
https://firms.modaps.eosdis.nasa.gov,OK,200,https://firms.modaps.eosdis.nasa.gov/,,588
https://zoom.earth,OK,200,https://zoom.earth/,,589
https://globe.adsbexchange.com,OK,200,https://globe.adsbexchange.com/,,591
https://flightaware.com,REDIRECT,200,https://www.flightaware.com/,update to the canonical URL,592
https://flightaware.com/adsb/piaware,REDIRECT,200,https://www.flightaware.com/adsb/piaware/,update to the canonical URL,593
https://www.shipspotting.com/,BLOCKED,403,https://www.shipspotting.com/,"WAF, geo-restriction or login wall: check in a browser",596
https://ffmpeg.org,OK,200,https://ffmpeg.org/,,609
https://earth.google.com/web/,OK,200,https://earth.google.com/web/,,614
https://www.suncalc.org,OK,200,https://www.suncalc.org/,,617
https://fotoforensics.com,OK,200,https://fotoforensics.com/,,637
https://29a.ch/photo-forensics,OK,200,https://29a.ch/photo-forensics/,,638
https://www.sentinel-hub.com,OK,200,https://www.sentinel-hub.com/,,642
https://github.com/yt-dlp/yt-dlp,OK,200,https://github.com/yt-dlp/yt-dlp,,643
https://geoconfirmed.org,OK,200,https://geoconfirmed.org/,,644
https://www.bellingcat.com/news/2022/04/04/russias-bucha-facts-versus-the-evidence/,OK,200,https://www.bellingcat.com/news/2022/04/04/russias-bucha-facts-versus-the-evidence/,,660
https://www.nytimes.com/2022/04/04/world/europe/bucha-ukraine-bodies.html,BLOCKED,403,https://www.nytimes.com/2022/04/04/world/europe/bucha-ukraine-bodies.html,"WAF, geo-restriction or login wall: check in a browser",661
https://crt.sh/?q=%25.target.com&output=json,OK,502,https://crt.sh/?q=%25.target.com&output=json,,669
https://securitytrails.com,BLOCKED,403,https://securitytrails.com/,"WAF, geo-restriction or login wall: check in a browser",670
https://bgp.he.net,OK,200,https://bgp.he.net/,,671
https://nmap.online,OK,200,https://nmap.online/,,673
https://www.subdomain.center,OK,200,https://www.subdomain.center/,,674
https://www.subdomainradar.io,REDIRECT,200,https://subdomainradar.io/,update to the canonical URL,675
http://dnshistory.org,BLOCKED,403,http://dnshistory.org/,"WAF, geo-restriction or login wall: check in a browser",676
https://www.talosintelligence.com/,OK,200,https://www.talosintelligence.com/,,677
https://www.binarydefense.com/banlist.txt,REDIRECT,200,https://binarydefense.com/banlist.txt,update to the canonical URL,678
https://bgpranking.circl.lu,OK,200,https://bgpranking.circl.lu/,,679
https://intel.malwaretech.com/,BLOCKED,403,https://intel.malwaretech.com/,"WAF, geo-restriction or login wall: check in a browser",680
http://www.botvrij.eu/,REDIRECT,200,https://www.botvrij.eu/,update to the canonical URL,681
https://osint.bambenekconsulting.com/feeds/c2-ipmasterlist.txt,BLOCKED,403,https://osint.bambenekconsulting.com/feeds/c2-ipmasterlist.txt,"WAF, geo-restriction or login wall: check in a browser",682
https://certstream.calidog.io/,OK,200,https://certstream.calidog.io/,,683
http://www.ccssforum.org/malware-certificates.php,OK,200,http://www.ccssforum.org/malware-certificates.php,,684
http://cinsscore.com/#list,OK,200,http://cinsscore.com/#list,,685
http://s3-us-west-1.amazonaws.com/umbrella-static/index.html,OK,200,http://s3-us-west-1.amazonaws.com/umbrella-static/index.html,,686
https://cloudmersive.com/virus-api,OK,200,https://cloudmersive.com/virus-api,,687
https://intelstack.com/,REDIRECT,200,https://www.intelstack.com/,update to the canonical URL,688
https://app.crowdsec.net/,OK,200,https://app.crowdsec.net/,,689
https://www.cybercure.ai/,OK,200,https://www.cybercure.ai/,,690
https://dataplane.org/,OK,200,https://dataplane.org/,,691
https://focsec.com,OK,200,https://focsec.com/,,692
https://github.com/disposable-email-domains/disposable-email-domains,OK,200,https://github.com/disposable-email-domains/disposable-email-domains,,693
http://rules.emergingthreats.net/fwrules/,OK,200,http://rules.emergingthreats.net/fwrules/,,694
https://exonerator.torproject.org/,REDIRECT,200,https://metrics.torproject.org/exonerator.html,update to the canonical URL,695
http://www.exploitalert.com/,REDIRECT,200,https://colatvttbdh.tv/,update to the canonical URL,696
https://intercept.sh/threatlists/,OK,200,https://intercept.sh/threatlists/,,697
https://feodotracker.abuse.ch/,OK,200,https://feodotracker.abuse.ch/,,698
https://iplists.firehol.org/,OK,200,https://iplists.firehol.org/,,699
https://fraudguard.io/,OK,200,https://fraudguard.io/,,700
http://greynoise.io/,REDIRECT,200,https://www.greynoise.io/,update to the canonical URL,701
https://riskdiscovery.com/honeydb/,REDIRECT,200,https://honeydb.io/,update to the canonical URL,702
https://github.com/SupportIntelligence/Icewater,OK,200,https://github.com/SupportIntelligence/Icewater,,703
https://labs.inquest.net,NO_RESPONSE,,,ConnectionError,704
https://www.iblocklist.com/lists,OK,200,https://www.iblocklist.com/lists,,705
https://raw.githubusercontent.com/stamparm/ipsum/master/ipsum.txt,OK,200,https://raw.githubusercontent.com/stamparm/ipsum/master/ipsum.txt,,706
https://jamesbrine.com.au,BLOCKED,403,https://jamesbrine.com.au/,"WAF, geo-restriction or login wall: check in a browser",707
https://support.kaspersky.com/datafeeds,REDIRECT,200,https://support.kaspersky.com/us,update to the canonical URL,708
https://malpedia.caad.fkie.fraunhofer.de/,OK,200,https://malpedia.caad.fkie.fraunhofer.de/,,709
http://www.malshare.com/,OK,200,http://www.malshare.com/,,710
https://www.maltiverse.com/,BLOCKED,403,https://www.maltiverse.com/,"WAF, geo-restriction or login wall: check in a browser",711
https://bazaar.abuse.ch/,OK,200,https://bazaar.abuse.ch/,,712
https://www.malwarepatrol.net/,OK,200,https://www.malwarepatrol.net/,,713
https://www.opswat.com/developers/threat-intelligence-feed,REDIRECT,200,https://www.opswat.com/products/metadefender/cloud,update to the canonical URL,714
https://data.netlab.360.com/,NO_RESPONSE,,,ReadTimeout,715
http://www.nothink.org,REDIRECT,200,https://www.nothink.org/,update to the canonical URL,716
https://www.obstracts.com/,OK,200,https://www.obstracts.com/,,717
https://openphish.com/phishing_feeds.html,OK,200,https://openphish.com/phishing_feeds.html,,718
https://feed.seguranca-informatica.pt/index.php,BLOCKED,403,https://feed.seguranca-informatica.pt/index.php,"WAF, geo-restriction or login wall: check in a browser",719
https://www.phishtank.com/developer_info.php,OK,200,https://www.phishtank.com/developer_info.php,,720
https://www.celerium.com/pickupstix,REDIRECT,200,https://www.celerium.com/,update to the canonical URL,721
https://rstcloud.net/,REDIRECT,200,https://www.rstcloud.com/,update to the canonical URL,722
https://github.com/securityscorecard/SSC-Threat-Intel-IoCs,OK,200,https://github.com/securityscorecard/SSC-Threat-Intel-IoCs,,723
https://www.stixify.com/,OK,200,https://www.stixify.com/,,724
https://github.com/Neo23x0/signature-base,OK,200,https://github.com/Neo23x0/signature-base,,725
https://www.spamhaus.org/,OK,200,https://www.spamhaus.org/,,726
https://spur.us,BLOCKED,429,https://spur.us/,"WAF, geo-restriction or login wall: check in a browser",727
https://sslbl.abuse.ch/,OK,200,https://sslbl.abuse.ch/,,728
https://statvoo.com/dl/top-1million-sites.csv.zip,BLOCKED,403,https://statvoo.com/dl/top-1million-sites.csv.zip,"WAF, geo-restriction or login wall: check in a browser",729
https://strongarm.io,OK,200,https://strongarm.io/,,730
https://www.siemrules.com,OK,200,https://www.siemrules.com/,,731
https://threatfeeds.io,OK,200,https://threatfeeds.io/,,733
https://threatfox.abuse.ch/,OK,200,https://threatfox.abuse.ch/,,734
https://www.dataminr.com/blog/,BLOCKED,403,https://www.dataminr.com/blog/,"WAF, geo-restriction or login wall: check in a browser",735
https://developers.facebook.com/docs/threat-exchange/,BLOCKED,400,https://developers.facebook.com/docs/threat-exchange/,"WAF, geo-restriction or login wall: check in a browser",736
https://github.com/typedb-osi/typedb-cti,OK,200,https://github.com/typedb-osi/typedb-cti,,737
https://exchange.xforce.ibmcloud.com/,OK,200,https://exchange.xforce.ibmcloud.com/,,738
https://yeti-platform.io/,OK,200,https://yeti-platform.io/,,739
https://IOCFeed.mrlooquer.com/,REDIRECT,200,https://iocfeed.mrlooquer.com/,update to the canonical URL,740
https://github.com/Yara-Rules/rules,OK,200,https://github.com/Yara-Rules/rules,,741
https://virusshare.com/,OK,200,https://virusshare.com/,,742
https://whoisfreaks.com,OK,200,https://whoisfreaks.com/,,750
https://ipgeolocation.io,OK,200,https://ipgeolocation.io/,,751
https://ahmia.fi,OK,200,https://ahmia.fi/,,765
https://dehashed.com,BLOCKED,403,https://dehashed.com/,"WAF, geo-restriction or login wall: check in a browser",768
https://tor.link,BLOCKED,403,https://tor.link/,"WAF, geo-restriction or login wall: check in a browser",769
https://github.com/s-rah/onionscan,OK,200,https://github.com/s-rah/onionscan,,770
https://dark.fail,OK,200,https://dark.fail/,,771
https://github.com/josh0xA/darkdump,OK,200,https://github.com/josh0xA/darkdump,,773
https://torproject.org,REDIRECT,200,https://www.torproject.org/,update to the canonical URL,774
https://crt.sh/?q=%25.{domain}&output=json,REDIRECT,502,https://crt.sh/?q=%25.%7Bdomain%7D&output=json,update to the canonical URL,818
https://inteltechniques.com/,OK,200,https://inteltechniques.com/,,903
https://www.bellingcat.com/resources/,OK,200,https://www.bellingcat.com/resources/,,904
https://bellingcat.gitbook.io/toolkit,OK,200,https://bellingcat.gitbook.io/toolkit,,905
https://www.sans.org/reading-room/whitepapers/OSINT/,REDIRECT,200,https://www.sans.org/white-papers,update to the canonical URL,906
https://www.sans.org/reading-room/whitepapers/forensics/,REDIRECT,200,https://www.sans.org/white-papers,update to the canonical URL,907
https://www.sans.org/cyber-security-courses/open-source-intelligence-gathering/,REDIRECT,200,https://www.sans.org/cyber-security-courses/practical-open-source-intelligence,update to the canonical URL,908
https://csrc.nist.gov/pubs/sp/800/150/final,OK,200,https://csrc.nist.gov/pubs/sp/800/150/final,,909
https://www.enisa.europa.eu/publications/enisa-threat-landscape-2024,OK,200,https://www.enisa.europa.eu/publications/enisa-threat-landscape-2024,,910
https://www.ncsc.gov.uk/section/keep-up-to-date/threat-reports,OK,200,https://www.ncsc.gov.uk/section/keep-up-to-date/threat-reports,,911
https://www.interpol.int/Crimes/Cybercrime,OK,200,https://www.interpol.int/Crimes/Cybercrime,,912
https://citizenlab.ca/publications/,REDIRECT,200,https://citizenlab.ca/publication-directory/,update to the canonical URL,913
https://www.rand.org/topics/open-source-intelligence.html,OK,200,https://www.rand.org/topics/open-source-intelligence.html,,914
https://www.csis.org/programs/strategic-technologies-program,OK,200,https://www.csis.org/programs/strategic-technologies-program,,915
https://arxiv.org/list/cs.CR/recent,OK,200,https://arxiv.org/list/cs.CR/recent,,916
https://www.first.org/resources/guides,OK,200,https://www.first.org/resources/guides/,,917
https://attack.mitre.org/resources/,OK,200,https://attack.mitre.org/resources/,,918
https://www.tracelabs.org/resources,BLOCKED,403,https://www.tracelabs.org/resources,"WAF, geo-restriction or login wall: check in a browser",919
https://www.osintdojo.com/,OK,200,https://www.osintdojo.com/,,920
https://osintframework.com/,OK,200,https://osintframework.com/,,921
https://github.com/jivoi/awesome-osint,OK,200,https://github.com/jivoi/awesome-osint,,922
https://github.com/Ph055a/OSINT_Collection,OK,200,https://github.com/Ph055a/OSINT_Collection,,923
https://www.incibe.es/incibe-cert/blog,OK,200,https://www.incibe.es/incibe-cert/blog,,924
https://thedfirreport.com/,OK,200,https://thedfirreport.com/,,925
https://krebsonsecurity.com/,OK,200,https://krebsonsecurity.com/,,926
https://blog.talosintelligence.com/,OK,200,https://blog.talosintelligence.com/,,927
https://ssd.eff.org/,OK,200,https://ssd.eff.org/,,928
https://pwn.college/,OK,200,https://pwn.college/,,929
https://sans.org,REDIRECT,200,https://www.sans.org/,update to the canonical URL,932
https://twitter.com/osintdojo,REDIRECT,200,https://x.com/osintdojo,update to the canonical URL,933
https://t.me/OSINTLatam,OK,200,https://t.me/OSINTLatam,,936
https://discord.gg/osint-es,REDIRECT,200,https://discord.com/invite/osint-es,update to the canonical URL,937
https://reddit.com/r/osint,BLOCKED,403,https://www.reddit.com/r/osint/,"WAF, geo-restriction or login wall: check in a browser",938
https://anonchatgpt.com,OK,200,https://anonchatgpt.com/,,947
https://huggingface.co/spaces/JournalistsonHF/ai-toolkit,OK,200,https://huggingface.co/spaces/JournalistsonHF/ai-toolkit,,948
https://www.chatpdf.com/,OK,200,https://www.chatpdf.com/,,949
https://monica.im/,OK,200,https://monica.im/,,950
https://www.babelstreet.com,OK,200,https://www.babelstreet.com/,,951
https://www.fivecast.com,OK,200,https://www.fivecast.com/,,952
https://hyperverge.co,OK,200,https://hyperverge.co/,,953
https://shadowdragon.io,OK,200,https://shadowdragon.io/,,954
https://www.talkwalker.com,OK,200,https://www.talkwalker.com/,,955
https://www.dorkgpt.com,OK,200,https://www.dorkgpt.com/,,956
https://kriztalz.sh/search-dorks,OK,200,https://kriztalz.sh/search-dorks/,,957
https://sensity.ai,OK,200,https://sensity.ai/,,958
https://fullfact.org,OK,200,https://fullfact.org/,,959
https://logically.com,REDIRECT,200,https://www.logically.com/,update to the canonical URL,960
https://github.com/frangelbarrera/Artificial-Intelligence-Universe,OK,200,https://github.com/frangelbarrera/Artificial-Intelligence-Universe,,965
https://github.com/frangelbarrera/awesome-ai-agents,OK,200,https://github.com/frangelbarrera/awesome-ai-agents,,966
https://github.com/frangelbarrera/Awesome-Hacking-with-AI,OK,200,https://github.com/frangelbarrera/Awesome-Hacking-with-AI,,967
https://pimeyes.com/en,OK,200,https://pimeyes.com/en,,977
https://osint.pimeyes.com,OK,200,https://osint.pimeyes.com/,,978
https://facecheck.id,OK,200,https://facecheck.id/,,979
https://github.com/megadose/holehe,OK,200,https://github.com/megadose/holehe,,996
https://github.com/mxrch/GHunt,OK,200,https://github.com/mxrch/GHunt,,997
https://epieos.com,BLOCKED,403,https://epieos.com/,"WAF, geo-restriction or login wall: check in a browser",998
https://github.com/khast3x/h8mail,OK,200,https://github.com/khast3x/h8mail,,999
https://tools.emailhippo.com,BLOCKED,403,https://tools.emailhippo.com/,"WAF, geo-restriction or login wall: check in a browser",1000
https://github.com/sundowndev/phoneinfoga,OK,200,https://github.com/sundowndev/phoneinfoga,,1007
https://www.truecaller.com,OK,200,https://www.truecaller.com/,,1008
https://numverify.com,OK,200,https://numverify.com/,,1010
https://snusbase.com,OK,200,https://snusbase.com/,,1035
https://leakcheck.io,OK,200,https://leakcheck.io/,,1036
https://intelx.io,OK,200,https://intelx.io/,,1037
https://www.hudsonrock.com/threat-intelligence-cybercrime-tools,OK,200,https://www.hudsonrock.com/threat-intelligence-cybercrime-tools,,1039
https://leakradar.io,REDIRECT,200,https://leakradar.io/en,update to the canonical URL,1040
https://checkleaked.cc,OK,200,https://checkleaked.cc/,,1041
https://www.chainalysis.com,OK,200,https://www.chainalysis.com/,,1057
https://www.elliptic.co,OK,200,https://www.elliptic.co/,,1058
https://info.arkm.com/,OK,200,https://info.arkm.com/,,1059
https://glassnode.com,OK,200,https://glassnode.com/,,1060
https://etherscan.io,BLOCKED,403,https://etherscan.io/,"WAF, geo-restriction or login wall: check in a browser",1061
https://www.blockchain.com/explorer,BLOCKED,403,https://www.blockchain.com/explorer,"WAF, geo-restriction or login wall: check in a browser",1062
https://www.blockcypher.com,OK,200,https://www.blockcypher.com/,,1063
https://www.walletexplorer.com,OK,200,https://www.walletexplorer.com/,,1064
https://github.com/openalpr/openalpr,OK,200,https://github.com/openalpr/openalpr,,1083
https://www.carfax.com,OK,200,https://www.carfax.com/,,1084
https://phantom.labs.jamessawyer.co.uk,REDIRECT,200,https://phantom.labs.jamessawyer.co.uk/login/?next=%2F,update to the canonical URL,1093
https://www.kismetwireless.net,OK,200,https://www.kismetwireless.net/,,1120
https://www.aircrack-ng.org,OK,200,https://www.aircrack-ng.org/,,1121
https://weverify.eu/verification-plugin,OK,200,https://weverify.eu/verification-plugin/,,1139
https://contentauthenticity.org,OK,200,https://contentauthenticity.org/,,1144
https://github.com/gildas-lormeau/SingleFile,OK,200,https://github.com/gildas-lormeau/SingleFile,,1161
https://github.com/sherlock-project/sherlock,OK,200,https://github.com/sherlock-project/sherlock,,1169
https://github.com/WebBreacher/WhatsMyName,OK,200,https://github.com/WebBreacher/WhatsMyName,,1171
https://github.com/antoniaci/blackbird,OK,200,https://github.com/antoniaci/blackbird,,1173
https://github.com/s0md3v/Photon,OK,200,https://github.com/s0md3v/Photon,,1190
https://scrapy.org,REDIRECT,200,https://www.scrapy.org/,update to the canonical URL,1191
https://playwright.dev,OK,200,https://playwright.dev/,,1192
https://www.selenium.dev,OK,200,https://www.selenium.dev/,,1193
https://www.crummy.com/software/BeautifulSoup,OK,200,https://www.crummy.com/software/BeautifulSoup/,,1194
https://target.com,REDIRECT,200,https://www.target.com/,update to the canonical URL,1198
https://github.com/ElevenPaths/FOCA,OK,200,https://github.com/ElevenPaths/FOCA,,1214
https://github.com/laramies/metagoofil,OK,200,https://github.com/laramies/metagoofil,,1215
https://0xacab.org/jvoisin/mat2,OK,200,https://0xacab.org/jvoisin/mat2,,1216
https://nmap.org,OK,200,https://nmap.org/,,1238
https://github.com/robertdavidgraham/masscan,OK,200,https://github.com/robertdavidgraham/masscan,,1239
https://github.com/bee-san/RustScan,OK,200,https://github.com/bee-san/RustScan,,1240
https://github.com/projectdiscovery/nuclei,OK,200,https://github.com/projectdiscovery/nuclei,,1241
https://github.com/blacklanternsecurity/bbot,OK,200,https://github.com/blacklanternsecurity/bbot,,1257
https://github.com/yogeshojha/rengine,OK,200,https://github.com/yogeshojha/rengine,,1258
https://github.com/six2dez/reconftw,OK,200,https://github.com/six2dez/reconftw,,1259
https://github.com/j3ssie/osmedeus,OK,200,https://github.com/j3ssie/osmedeus,,1260
https://github.com/ivre/ivre,OK,200,https://github.com/ivre/ivre,,1261
https://github.com/smicallef/spiderfoot,OK,200,https://github.com/smicallef/spiderfoot,,1295
https://github.com/lanmaster53/recon-ng,OK,200,https://github.com/lanmaster53/recon-ng,,1296
https://github.com/laramies/theHarvester,OK,200,https://github.com/laramies/theHarvester,,1297
https://www.maltego.com,OK,200,https://www.maltego.com/,,1298
https://github.com/smicallef/spiderfoot.git,REDIRECT,200,https://github.com/smicallef/spiderfoot,update to the canonical URL,1302
https://github.com/lissy93/web-check,OK,200,https://github.com/lissy93/web-check,,1314
https://github.com/qeeqbox/social-analyzer,OK,200,https://github.com/qeeqbox/social-analyzer,,1315
https://github.com/reconurge/flowsint,OK,200,https://github.com/reconurge/flowsint,,1316
https://github.com/cipher387/osint_stuff_tool_collection,OK,200,https://github.com/cipher387/osint_stuff_tool_collection,,1317
https://github.com/OpenOSINT/OpenOSINT,OK,200,https://github.com/OpenOSINT/OpenOSINT,,1318
https://pipl.com,OK,200,https://pipl.com/,,1466
https://www.spokeo.com,OK,200,https://www.spokeo.com/,,1467
https://www.beenverified.com,OK,200,https://www.beenverified.com/,,1468
https://www.intelius.com,BLOCKED,403,https://www.intelius.com/,"WAF, geo-restriction or login wall: check in a browser",1469
https://www.whitepages.com,OK,200,https://www.whitepages.com/,,1470
https://www.zabasearch.com,BLOCKED,403,https://www.zabasearch.com/,"WAF, geo-restriction or login wall: check in a browser",1471
https://www.peoplefinder.com,OK,200,https://www.peoplefinder.com/,,1472
https://www.instantcheckmate.com,BLOCKED,403,https://www.instantcheckmate.com/,"WAF, geo-restriction or login wall: check in a browser",1473
https://www.truthfinder.com,BLOCKED,403,https://www.truthfinder.com/,"WAF, geo-restriction or login wall: check in a browser",1474
https://www.ussearch.com,BLOCKED,403,https://www.ussearch.com/,"WAF, geo-restriction or login wall: check in a browser",1475
https://crunchbase.com,REDIRECT,200,https://www.crunchbase.com/,update to the canonical URL,1485
https://wellfound.com,OK,200,https://wellfound.com/,,1486
https://pitchbook.com,BLOCKED,403,https://pitchbook.com/,"WAF, geo-restriction or login wall: check in a browser",1487
https://www.zoominfo.com,BLOCKED,403,https://www.zoominfo.com/,"WAF, geo-restriction or login wall: check in a browser",1488
https://app.dnbhoovers.com,REDIRECT,200,https://app.dnbhoovers.com/login?F852653726182P2FC0H=_,update to the canonical URL,1489
https://www.dnb.com/en-us/,OK,200,https://www.dnb.com/en-us/,,1490
https://www.sec.gov/edgar,BLOCKED,403,https://www.sec.gov/edgar,"WAF, geo-restriction or login wall: check in a browser",1491
https://opencorporates.com,BLOCKED,403,https://opencorporates.com/,"WAF, geo-restriction or login wall: check in a browser",1492
https://find-and-update.company-information.service.gov.uk,OK,200,https://find-and-update.company-information.service.gov.uk/,,1493
https://www.bloomberg.com,BLOCKED,403,https://www.bloomberg.com/,"WAF, geo-restriction or login wall: check in a browser",1494
https://feodotracker.abuse.ch,OK,200,https://feodotracker.abuse.ch/,,1507
https://sslbl.abuse.ch,OK,200,https://sslbl.abuse.ch/,,1508
http://www.malshare.com,OK,200,http://www.malshare.com/,,1510
https://virusshare.com,OK,200,https://virusshare.com/,,1511
https://www.recordedfuture.com,OK,200,https://www.recordedfuture.com/,,1515
https://www.microsoft.com/en-us/wdsi,OK,200,https://www.microsoft.com/en-us/wdsi,,1516
https://www.cisa.gov/known-exploited-vulnerabilities-catalog,BLOCKED,403,https://www.cisa.gov/known-exploited-vulnerabilities-catalog,"WAF, geo-restriction or login wall: check in a browser",1517
https://github.com/cisagov/vulnrichment,OK,200,https://github.com/cisagov/vulnrichment,,1518
https://openphish.com,OK,200,https://openphish.com/,,1524
https://fraudguard.io,OK,200,https://fraudguard.io/,,1525
https://www.hudsonrock.com,OK,200,https://www.hudsonrock.com/,,1531
https://www.spamhaus.org,OK,200,https://www.spamhaus.org/,,1536
https://www.abuseipdb.com,BLOCKED,403,https://www.abuseipdb.com/,"WAF, geo-restriction or login wall: check in a browser",1538
https://www.misp-project.org,OK,200,https://www.misp-project.org/,,1547
https://filigran.io/products/opencti,NO_RESPONSE,,,ConnectionError,1548
https://github.com/frangelbarrera/aegistrace-threat-intelligence,OK,200,https://github.com/frangelbarrera/aegistrace-threat-intelligence,,1550
https://github.com/intelowlproject/IntelOwl,OK,200,https://github.com/intelowlproject/IntelOwl,,1560
https://github.com/Te-k/harpoon,OK,200,https://github.com/Te-k/harpoon,,1561
https://github.com/frangelbarrera/ICS-Cybersecurity-Audit,OK,200,https://github.com/frangelbarrera/ICS-Cybersecurity-Audit,,1570
https://attack.mitre.org/matrices/ics,OK,200,https://attack.mitre.org/matrices/ics/,,1571
https://www.cisa.gov/ics,BLOCKED,403,https://www.cisa.gov/ics,"WAF, geo-restriction or login wall: check in a browser",1572
https://csrc.nist.gov/pubs/sp/800/82/r3/final,OK,200,https://csrc.nist.gov/pubs/sp/800/82/r3/final,,1573
https://github.com/frangelbarrera/industrial-scanner,OK,200,https://github.com/frangelbarrera/industrial-scanner,,1578
https://www.shodan.io/search?query=port%3A502,BLOCKED,403,https://www.shodan.io/search?query=port%3A502,"WAF, geo-restriction or login wall: check in a browser",1579
https://search.censys.io/search?resource=hosts&q=tags%3A%22ics%22,BLOCKED,403,https://search.censys.io/search?resource=hosts&q=tags%3A%22ics%22,"WAF, geo-restriction or login wall: check in a browser",1580
https://claroty.com,OK,200,https://claroty.com/,,1581
https://www.nozominetworks.com,OK,200,https://www.nozominetworks.com/,,1582
https://github.com/frangelbarrera/ICS-Cybersecurity-Audit/tree/main/docs/case-studies,OK,200,https://github.com/frangelbarrera/ICS-Cybersecurity-Audit/tree/main/docs/case-studies,,1594
https://www.pulsemcp.com,BLOCKED,403,https://www.pulsemcp.com/,"WAF, geo-restriction or login wall: check in a browser",1616
https://glama.ai/mcp/servers,OK,200,https://glama.ai/mcp/servers,,1617
https://github.com/punkpeye/awesome-mcp-servers,OK,200,https://github.com/punkpeye/awesome-mcp-servers,,1618
https://github.com/brave/brave-search-mcp-server,OK,200,https://github.com/brave/brave-search-mcp-server,,1623
https://github.com/modelcontextprotocol/servers/blob/main/src/fetch,REDIRECT,200,https://github.com/modelcontextprotocol/servers/tree/main/src/fetch,update to the canonical URL,1624
https://github.com/modelcontextprotocol/servers-archived/tree/main/src/sqlite,OK,200,https://github.com/modelcontextprotocol/servers-archived/tree/main/src/sqlite,,1625
https://github.com/Significant-Gravitas/AutoGPT,OK,200,https://github.com/Significant-Gravitas/AutoGPT,,1630
https://github.com/crewAIInc/crewAI,OK,200,https://github.com/crewAIInc/crewAI,,1631
https://github.com/langchain-ai/langgraph,OK,200,https://github.com/langchain-ai/langgraph,,1632
https://n8n.io,OK,200,https://n8n.io/,,1633
https://dify.ai,OK,200,https://dify.ai/,,1634
https://github.com/frangelbarrera/secure-agent-orchestrator,OK,200,https://github.com/frangelbarrera/secure-agent-orchestrator,,1635
https://ollama.com,OK,200,https://ollama.com/,,1640
https://lmstudio.ai,OK,200,https://lmstudio.ai/,,1641
https://github.com/vllm-project/vllm,OK,200,https://github.com/vllm-project/vllm,,1642
https://jan.ai,REDIRECT,200,https://www.jan.ai/,update to the canonical URL,1643
https://github.com/frangelbarrera/osint-agent-skills.git,REDIRECT,200,https://github.com/frangelbarrera/osint-agent-skills,update to the canonical URL,1648
https://find-and-update.company-information.service.gov.uk/,OK,200,https://find-and-update.company-information.service.gov.uk/,,1676
https://aleph.occrp.org,OK,200,https://aleph.occrp.org/,,1677
https://www.openownership.org/en/topics/open-ownership-register/,BLOCKED,403,https://www.openownership.org/en/topics/open-ownership-register/,"WAF, geo-restriction or login wall: check in a browser",1679
https://www.gleif.org,REDIRECT,200,https://www.gleif.org/en,update to the canonical URL,1679
https://offshoreleaks.icij.org,OK,200,https://offshoreleaks.icij.org/,,1680
https://littlesis.org,OK,200,https://littlesis.org/,,1681
https://obsidian.md,OK,200,https://obsidian.md/,,1682
https://www.opensanctions.org,OK,200,https://www.opensanctions.org/,,1683
https://ofac.treasury.gov,OK,200,https://ofac.treasury.gov/,,1683
https://www.fatf-gafi.org/en/topics/high-risk-and-other-monitored-jurisdictions.html,BLOCKED,403,https://www.fatf-gafi.org/en/topics/high-risk-and-other-monitored-jurisdictions.html,"WAF, geo-restriction or login wall: check in a browser",1684
https://www.courtlistener.com,OK,200,https://www.courtlistener.com/,,1685
https://followthemoney.tech,OK,200,https://followthemoney.tech/,,1699
https://www.fincen.gov,OK,200,https://www.fincen.gov/,,1700
https://www.sanctionsmap.eu,OK,200,https://www.sanctionsmap.eu/,,1704
https://www.opensecrets.org,BLOCKED,403,https://www.opensecrets.org/,"WAF, geo-restriction or login wall: check in a browser",1706
https://sayari.com,OK,200,https://sayari.com/,,1707
https://www.equasis.org,REDIRECT,200,https://www.equasis.org/EquasisWeb/public/HomePage,update to the canonical URL,1708
https://dune.com,BLOCKED,403,https://dune.com/,"WAF, geo-restriction or login wall: check in a browser",1710
https://nansen.ai,OK,200,https://nansen.ai/,,1711
https://arbiscan.io,BLOCKED,403,https://arbiscan.io/,"WAF, geo-restriction or login wall: check in a browser",1712
https://basescan.org,BLOCKED,403,https://basescan.org/,"WAF, geo-restriction or login wall: check in a browser",1713
https://optimistic.etherscan.io,BLOCKED,403,https://optimistic.etherscan.io/,"WAF, geo-restriction or login wall: check in a browser",1714
https://www.justice.gov/criminal/criminal-mnf,OK,200,https://www.justice.gov/criminal/criminal-mnf,,1740
https://www.justice.gov/opa/pr/united-states-seeks-recover-more-1-billion-obtained-corruption-involving-malaysian-sovereign,REDIRECT,200,https://www.justice.gov/archives/opa/pr/united-states-seeks-recover-more-1-billion-obtained-corruption-involving-malaysian-sovereign,update to the canonical URL,1741
https://www.justice.gov/archives/opa/pr/over-1-billion-misappropriated-1mdb-funds-now-repatriated-malaysia,OK,200,https://www.justice.gov/archives/opa/pr/over-1-billion-misappropriated-1mdb-funds-now-repatriated-malaysia,,1742
https://www.sarawakreport.org,OK,200,https://www.sarawakreport.org/,,1743
https://pacer.uscourts.gov,OK,200,https://pacer.uscourts.gov/,,1745
https://coveryourtracks.eff.org,OK,200,https://coveryourtracks.eff.org/,,1755
https://github.com/AbrahamJuliot/creepjs,OK,200,https://github.com/AbrahamJuliot/creepjs,,1756
https://mullvad.net/en/browser,OK,200,https://mullvad.net/en/browser,,1757
https://librewolf.net,OK,200,https://librewolf.net/,,1758
https://www.whonix.org,OK,200,https://www.whonix.org/,,1759
https://mullvad.net,REDIRECT,200,https://mullvad.net/en,update to the canonical URL,1790
https://www.ivpn.net,OK,200,https://www.ivpn.net/,,1791
https://protonvpn.com,OK,200,https://protonvpn.com/,,1792
https://www.torproject.org,OK,200,https://www.torproject.org/,,1793
https://snowflake.torproject.org,OK,200,https://snowflake.torproject.org/,,1794
https://bridges.torproject.org,OK,200,https://bridges.torproject.org/,,1795
https://buckets.grayhatwarfare.com,OK,200,https://buckets.grayhatwarfare.com/,,1805
https://osint.sh/buckets,BLOCKED,403,https://osint.sh/buckets,"WAF, geo-restriction or login wall: check in a browser",1806
https://github.com/initstring/cloud_enum,OK,200,https://github.com/initstring/cloud_enum,,1807
https://grayhatwarfare.com,OK,200,https://grayhatwarfare.com/,,1808
https://github.com/MobSF/Mobile-Security-Framework-MobSF,OK,200,https://github.com/MobSF/Mobile-Security-Framework-MobSF,,1845
https://github.com/skylot/jadx,OK,200,https://github.com/skylot/jadx,,1846
https://ibotpeaches.github.io/Apktool/,OK,200,https://ibotpeaches.github.io/Apktool/,,1847
https://github.com/pxb1988/dex2jar,OK,200,https://github.com/pxb1988/dex2jar,,1848
https://apkpure.com,BLOCKED,403,https://apkpure.com/,"WAF, geo-restriction or login wall: check in a browser",1849
https://www.apkmirror.com,BLOCKED,403,https://www.apkmirror.com/,"WAF, geo-restriction or login wall: check in a browser",1850
https://docs.bsky.app/docs/advanced-guides/firehose,REDIRECT,200,https://bsky.network/docs/advanced-guides/firehose/,update to the canonical URL,1883
https://atproto.blue/en/latest/atproto_firehose/index.html,REDIRECT,200,https://atproto.blue/atproto_firehose/index.html,update to the canonical URL,1884
https://reaper.social,OK,200,https://reaper.social/,,1885
https://www.digitalstakeout.com/blog/bluesky-firehose-integration,OK,200,https://www.digitalstakeout.com/blog/bluesky-firehose-integration,,1886
https://nostr.org,OK,200,https://nostr.org/,,1887
https://justdeleteme.xyz,OK,200,https://justdeleteme.xyz/,,1913
https://justgetmydata.com,OK,200,https://justgetmydata.com/,,1914
https://github.com/prose-intelligence-ltd/Telepathy-Community,OK,200,https://github.com/prose-intelligence-ltd/Telepathy-Community,,1942
https://cse.google.com/cse?cx=006368593537057042503:efxu7xprihg,OK,200,https://cse.google.com/cse?cx=006368593537057042503:efxu7xprihg,,1943
https://telegramdb.org,BLOCKED,403,https://telegramdb.org/,"WAF, geo-restriction or login wall: check in a browser",1944
https://discordleaks.unicornriot.ninja/,OK,200,https://discordleaks.unicornriot.ninja/,,1946
https://my.telegram.org,REDIRECT,200,https://my.telegram.org/auth,update to the canonical URL,1950
https://disboard.org,BLOCKED,403,https://disboard.org/,"WAF, geo-restriction or login wall: check in a browser",1958
https://discordservers.com,OK,200,https://discordservers.com/,,1958
https://discord.id,OK,200,https://discord.id/,,1961
https://www.osintcombine.com/post/inside-discord-an-osint-guide-to-servers-search-and-opsec,OK,200,https://www.osintcombine.com/post/inside-discord-an-osint-guide-to-servers-search-and-opsec,,1966
https://bellingcat.gitbook.io/toolkit/more/all-tools/telepathy,OK,200,https://bellingcat.gitbook.io/toolkit/more/all-tools/telepathy,,1967
https://www.osinthandbook.com/telegram,OK,200,https://www.osinthandbook.com/telegram,,1968
https://skyfi.com,OK,200,https://skyfi.com/,,1981
https://worldview.earthdata.nasa.gov,OK,200,https://worldview.earthdata.nasa.gov/,,1983
https://earthexplorer.usgs.gov,OK,200,https://earthexplorer.usgs.gov/,,1984
https://www.planet.com,OK,200,https://www.planet.com/,,1985
https://vantor.com/,OK,200,https://vantor.com/,,1986
https://www.umbra.space,REDIRECT,200,https://umbra.space/,update to the canonical URL,1987
https://www.bellingcat.com/resources/2024/05/17/how-to-use-free-satellite-imagery-to-monitor-the-expansion-of-west-bank-settlements,OK,200,https://www.bellingcat.com/resources/2024/05/17/how-to-use-free-satellite-imagery-to-monitor-the-expansion-of-west-bank-settlements,,2001
https://gijn.org/resource/guide-acquire-free-satellite-images,BLOCKED,403,https://gijn.org/resource/guide-acquire-free-satellite-images,"WAF, geo-restriction or login wall: check in a browser",2002
https://c2paviewer.com,OK,200,https://c2paviewer.com/,,2014
https://contentcredentials.org,OK,200,https://contentcredentials.org/,,2015
https://deepmind.google/models/synthid/,OK,200,https://deepmind.google/models/synthid/,,2016
https://www.realitydefender.com,OK,200,https://www.realitydefender.com/,,2017
https://truepic.com,REDIRECT,200,https://www.truepic.com/,update to the canonical URL,2018
https://opensource.contentauthenticity.org,OK,200,https://opensource.contentauthenticity.org/,,2020
https://github.com/google-deepmind/synthid-text,OK,200,https://github.com/google-deepmind/synthid-text,,2021
https://timeline.knightlab.com,OK,200,https://timeline.knightlab.com/,,2250
https://www.aeontimeline.com,OK,200,https://www.aeontimeline.com/,,2251
https://www.drawio.com/,OK,200,https://www.drawio.com/,,2252
https://www.zotero.org,OK,200,https://www.zotero.org/,,2253
https://cryptpad.fr,OK,200,https://cryptpad.fr/,,2254
https://standardnotes.com,OK,200,https://standardnotes.com/,,2255
https://veracrypt.io/,OK,200,https://veracrypt.io/,,2256
https://opentimestamps.org,OK,200,https://opentimestamps.org/,,2259
https://hunch.ly,OK,200,https://hunch.ly/,,2260
https://web.archive.org,OK,200,https://web.archive.org/,,2261
https://archive.today,BLOCKED,429,https://archive.ph/,"WAF, geo-restriction or login wall: check in a browser",2262
https://datasette.io,OK,200,https://datasette.io/,,2264
https://gephi.org,OK,200,https://gephi.org/,,2265
https://rawgraphs.io,REDIRECT,200,https://www.rawgraphs.io/,update to the canonical URL,2266
https://www.datawrapper.de,OK,200,https://www.datawrapper.de/,,2267
https://qgis.org,OK,200,https://qgis.org/,,2268
https://www.mapillary.com,BLOCKED,400,https://www.mapillary.com/,"WAF, geo-restriction or login wall: check in a browser",2269
https://www.atlos.org,OK,200,https://www.atlos.org/,,2270
https://github.com/bellingcat/auto-archiver,OK,200,https://github.com/bellingcat/auto-archiver,,2271
https://github.com/digitalmethodsinitiative/4cat,OK,200,https://github.com/digitalmethodsinitiative/4cat,,2272
https://journaliststudio.google.com/pinpoint/collections,OK,200,https://journaliststudio.google.com/pinpoint/collections,,2273
https://www.cia.gov,OK,200,https://www.cia.gov/,,2301
https://www.nsa.gov,BLOCKED,403,https://www.nsa.gov/,"WAF, geo-restriction or login wall: check in a browser",2302
https://www.fbi.gov,BLOCKED,403,https://www.fbi.gov/,"WAF, geo-restriction or login wall: check in a browser",2303
https://www.dni.gov/files/ODNI/documents/IC_OSINT_Strategy.pdf,BLOCKED,403,https://www.dni.gov/files/ODNI/documents/IC_OSINT_Strategy.pdf,"WAF, geo-restriction or login wall: check in a browser",2306
https://sanctionssearch.ofac.treas.gov,OK,200,https://sanctionssearch.ofac.treas.gov/,,2321
https://data.gov/,OK,200,https://data.gov/,,2322
https://www.foia.gov,OK,200,https://www.foia.gov/,,2323
https://www.federalregister.gov,OK,200,https://www.federalregister.gov/,,2324
https://www.uscourts.gov,OK,200,https://www.uscourts.gov/,,2325
https://sam.gov,OK,200,https://sam.gov/,,2326
https://www.fec.gov/data/,OK,200,https://www.fec.gov/data/,,2327
https://bizfileonline.sos.ca.gov/search/business,OK,200,https://bizfileonline.sos.ca.gov/search/business,,2329
https://icis.corp.delaware.gov/ecorp/entitysearch/namesearch.aspx,OK,200,https://icis.corp.delaware.gov/ecorp/entitysearch/namesearch.aspx,,2329
https://apps.dos.ny.gov/publicInquiry/,OK,200,https://apps.dos.ny.gov/publicInquiry/,,2329
https://www.icij.org,OK,200,https://www.icij.org/,,2333
https://www.opensanctions.org/datasets/,OK,200,https://www.opensanctions.org/datasets/,,2340
https://www.law.cornell.edu/uscode/text/18/1030,OK,200,https://www.law.cornell.edu/uscode/text/18/1030,,2349
https://www.bellingcat.com/app/uploads/2015/10/MH17-The-Open-Source-Evidence-EN.pdf,OK,200,https://www.bellingcat.com/app/uploads/2015/10/MH17-The-Open-Source-Evidence-EN.pdf,,2359
https://en.wikipedia.org/wiki/1Malaysia_Development_Berhad_scandal,OK,200,https://en.wikipedia.org/wiki/1Malaysia_Development_Berhad_scandal,,2360
https://seditionhunters.org,OK,200,https://seditionhunters.org/,,2362
https://www.census.gov/,OK,200,https://www.census.gov/,,2367
https://www.govinfo.gov/,OK,200,https://www.govinfo.gov/,,2368
https://www.regulations.gov/,OK,200,https://www.regulations.gov/,,2372
https://www.usaspending.gov/,OK,200,https://www.usaspending.gov/,,2386
https://www.gov.br/abin/en,OK,200,https://www.gov.br/abin/en,,2399
https://www.gov.br/receitafederal/pt-br/assuntos/cadastros-e-registros-especiais/cnpj,OK,200,https://www.gov.br/receitafederal/pt-br/assuntos/cadastros-e-registros-especiais/cnpj,,2407
https://solucoes.receita.fazenda.gov.br/servicos/cnpjreva/cnpjreva_solicitacao.asp,OK,200,https://solucoes.receita.fazenda.gov.br/servicos/cnpjreva/cnpjreva_solicitacao.asp,,2408
https://www.in.gov.br/servicos/diario-oficial-da-uniao,OK,200,https://www.in.gov.br/servicos/diario-oficial-da-uniao,,2409
https://www.gov.br/imprensanacional/pt-br,OK,200,https://www.gov.br/imprensanacional/pt-br,,2410
https://www.gov.br/compras/pt-br,OK,200,https://www.gov.br/compras/pt-br,,2411
https://portaldatransparencia.gov.br/,OK,200,https://portaldatransparencia.gov.br/,,2412
https://www.jusbrasil.com.br/consulta-processual,BLOCKED,403,https://www.jusbrasil.com.br/consulta-processual,"WAF, geo-restriction or login wall: check in a browser",2414
https://www.escavador.com,BLOCKED,403,https://www.escavador.com/,"WAF, geo-restriction or login wall: check in a browser",2414
https://www.cnj.jus.br,OK,200,https://www.cnj.jus.br/,,2414
https://www.folha.uol.com.br/,OK,200,https://www.folha.uol.com.br/,,2419
https://oglobo.globo.com,OK,200,https://oglobo.globo.com/,,2419
https://www.estadao.com.br,OK,200,https://www.estadao.com.br/,,2419
https://valor.globo.com,OK,200,https://valor.globo.com/,,2419
https://apublica.org,OK,200,https://apublica.org/,,2420
https://piaui.folha.uol.com.br/lupa/,REDIRECT,200,https://www.agencialupa.org/,update to the canonical URL,2420
https://www.intercept.com.br/,BLOCKED,403,https://www.intercept.com.br/,"WAF, geo-restriction or login wall: check in a browser",2420
https://www.socioambiental.org,OK,200,https://www.socioambiental.org/,,2420
https://divulgacandcontas.tse.jus.br,BLOCKED,403,https://divulgacandcontas.tse.jus.br/,"WAF, geo-restriction or login wall: check in a browser",2421
https://osintbrasil.blogspot.com,BLOCKED,429,https://www.google.com/sorry/index?continue=https://osintbrasil.blogspot.com/&q=EgQN2hWyGMfG2tUGIi3RNAQwUQGhUtJU8ott2BLASuU_NuHRe9A_W-nBtq4yx5PKxta89B6mxqqt6BUyAnJSWgFD,"WAF, geo-restriction or login wall: check in a browser",2429
https://www.gov.br/anpd/pt-br,OK,200,https://www.gov.br/anpd/pt-br,,2432
https://falabr.cgu.gov.br,REDIRECT,200,https://falabr.cgu.gov.br/web/home,update to the canonical URL,2433
https://en.wikipedia.org/wiki/Operation_Car_Wash,OK,200,https://en.wikipedia.org/wiki/Operation_Car_Wash,,2438
https://apublica.org/especial/vaza-jato,OK,200,https://apublica.org/especial/vaza-jato/,,2438
https://www.gob.mx/sspc/cni,OK,200,https://www.gob.mx/sspc/cni,,2449
https://en.wikipedia.org/wiki/Centro_de_Investigación_y_Seguridad_Nacional,REDIRECT,200,https://en.wikipedia.org/wiki/Centro_de_Investigaci%C3%B3n_y_Seguridad_Nacional,update to the canonical URL,2452
https://www.gob.mx/sspc,OK,200,https://www.gob.mx/sspc,,2453
https://www.sat.gob.mx,OK,200,https://www.sat.gob.mx/,,2459
https://dof.gob.mx/,OK,200,https://dof.gob.mx/,,2460
https://www.inegi.org.mx,OK,200,https://www.inegi.org.mx/,,2461
https://www.gob.mx/compranet,OK,200,https://www.gob.mx/compranet,,2462
https://www.plataformadetransparencia.org.mx,OK,200,https://www.plataformadetransparencia.org.mx/,,2463
https://plataformadigitalnacional.org,OK,200,https://plataformadigitalnacional.org/,,2464
https://www.rnie.sems.gob.mx,NO_RESPONSE,,,ConnectionError,2465
https://article19.org/offices/mexico-office,BLOCKED,403,https://article19.org/offices/mexico-office,"WAF, geo-restriction or login wall: check in a browser",2469
https://en.wikipedia.org/wiki/2014_Iguala_mass_kidnapping,OK,200,https://en.wikipedia.org/wiki/2014_Iguala_mass_kidnapping,,2486
https://gieicom.com/,REDIRECT,200,https://www.gieicom.com/,update to the canonical URL,2486
https://en.wikipedia.org/wiki/Secretariat_of_Intelligence,OK,200,https://en.wikipedia.org/wiki/Secretariat_of_Intelligence,,2501
https://www.batimes.com.ar/news/argentina/milei-overhauls-argentinas-side-intelligence-services-by-decree.phtml,OK,200,https://www.batimes.com.ar/news/argentina/milei-overhauls-argentinas-side-intelligence-services-by-decree.phtml,,2502
https://www.boletinoficial.gob.ar,OK,200,https://www.boletinoficial.gob.ar/,,2508
https://www.afip.gob.ar,OK,200,https://www.afip.gob.ar/,,2509
https://www.argentina.gob.ar/justicia/igj,OK,200,https://www.argentina.gob.ar/justicia/igj,,2510
https://www.indec.gob.ar,OK,200,https://www.indec.gob.ar/,,2511
https://datos.jus.gob.ar/,OK,200,https://datos.jus.gob.ar/,,2512
https://www.padron.gob.ar,OK,200,https://www.padron.gob.ar/,,2513
https://chequeado.com,OK,200,https://chequeado.com/,,2517
https://revistaanfibia.com,BLOCKED,403,https://www.revistaanfibia.com/,"WAF, geo-restriction or login wall: check in a browser",2517
https://www.argentina.gob.ar/aaip,OK,200,https://www.argentina.gob.ar/aaip,,2527
https://en.wikipedia.org/wiki/Cuadernos_de_las_coimas,OK,200,https://en.wikipedia.org/wiki/Cuadernos_de_las_coimas,,2532
https://www.csis-scrs.gc.ca,NO_RESPONSE,,,ConnectionError,2543
https://www.cse-cst.gc.ca,OK,200,https://www.cse-cst.gc.ca/,,2544
https://www.csis-scrs.gc.ca/en/operations.php,NO_RESPONSE,,,ConnectionError,2548
https://www.cse-cst.gc.ca/en/corporate-information/mandate,OK,200,https://www.cse-cst.gc.ca/en/corporate-information/mandate,,2549
https://ised-isde.canada.ca/cc/lgcy/,REDIRECT,200,https://ised-isde.canada.ca/cc/lgcy/hm.html,update to the canonical URL,2555
https://open.canada.ca/en,OK,200,https://open.canada.ca/en,,2556
https://gazette.gc.ca/accueil-home-eng.html,OK,200,https://gazette.gc.ca/accueil-home-eng.html,,2557
https://crtc.gc.ca/eng/internet/anti.htm,BLOCKED,403,https://crtc.gc.ca/eng/internet/anti.htm,"WAF, geo-restriction or login wall: check in a browser",2558
https://www.ourcommons.ca/committees/en/NSICOP,OK,200,https://www.ourcommons.ca/committees/en/NSICOP,,2559
https://www.ontario.ca/page/ontario-business-registry,OK,200,https://www.ontario.ca/page/ontario-business-registry,,2570
https://www.sis.gov.uk,BLOCKED,403,https://www.sis.gov.uk/,"WAF, geo-restriction or login wall: check in a browser",2593
https://www.gchq.gov.uk,OK,200,https://www.gchq.gov.uk/,,2594
https://www.ncsc.gov.uk,OK,200,https://www.ncsc.gov.uk/,,2594
https://mi5.gov.uk,BLOCKED,403,https://www.mi5.gov.uk/,"WAF, geo-restriction or login wall: check in a browser",2595
https://ipco.org.uk,NO_RESPONSE,,,ConnectionError,2599
https://www.ncsc.gov.uk/section/active-cyber-defence/early-warning,OK,200,https://www.ncsc.gov.uk/section/active-cyber-defence/early-warning,,2600
https://www.thegazette.co.uk,OK,200,https://www.thegazette.co.uk/,,2611
https://www.gov.uk/government/organisations/land-registry,OK,200,https://www.gov.uk/government/organisations/land-registry,,2612
https://www.data.gov.uk,OK,200,https://www.data.gov.uk/,,2613
https://parliament.uk,BLOCKED,403,http://www.parliament.uk/,"WAF, geo-restriction or login wall: check in a browser",2614
https://www.nationalarchives.gov.uk,OK,200,https://www.nationalarchives.gov.uk/,,2615
https://www.thebureauinvestigates.com,OK,200,https://www.thebureauinvestigates.com/,,2621
https://hansard.parliament.uk,BLOCKED,403,https://hansard.parliament.uk/,"WAF, geo-restriction or login wall: check in a browser",2628
https://www.webarchive.org.uk,OK,200,https://www.webarchive.org.uk/,,2630
https://ico.org.uk,OK,200,https://ico.org.uk/,,2633
https://www.legislation.gov.uk/ukpga/2000/36/contents,OK,200,https://www.legislation.gov.uk/ukpga/2000/36/contents,,2634
https://www.bellingcat.com/news/europe/2018/10/09/full-report-skripal-poisoning-suspect-dr-alexander-mishkin-hero-russia/,OK,200,https://www.bellingcat.com/news/europe/2018/10/09/full-report-skripal-poisoning-suspect-dr-alexander-mishkin-hero-russia/,,2640
https://www.bellingcat.com/news/europe/2018/09/20/skripal-suspects-confirmed-gru-operatives-prior-european-operations-disclosed/,OK,200,https://www.bellingcat.com/news/europe/2018/09/20/skripal-suspects-confirmed-gru-operatives-prior-european-operations-disclosed/,,2640
https://www.bnd.bund.de,REDIRECT,200,https://www.bnd.bund.de/DE/Startseite/startseite_node.html,update to the canonical URL,2653
https://www.verfassungsschutz.de,NO_RESPONSE,,,TLS error,2654
https://www.bmvg.de/de,OK,200,https://www.bmvg.de/de,,2655
https://www.gesetze-im-internet.de/bndg/,NO_RESPONSE,,,TLS error,2658
https://www.verfassungsschutz.de/SiteGlobals/Forms/Suche/Publikationensuche_Formular.html?nn=678360,NO_RESPONSE,,,TLS error,2659
https://www.bsi.bund.de,REDIRECT,200,https://www.bsi.bund.de/DE/Home/home_node.html,update to the canonical URL,2660
https://www.unternehmensregister.de/en,OK,200,https://www.unternehmensregister.de/en,,2667
https://www.bundesanzeiger.de/pub/en/start,REDIRECT,200,https://www.bundesanzeiger.de/pub/en/start?0,update to the canonical URL,2668
https://www.transparenzregister.de,OK,200,https://www.transparenzregister.de/,,2669
https://www.govdata.de,OK,200,https://www.govdata.de/,,2670
https://www.destatis.de,REDIRECT,200,https://www.destatis.de/DE/Home/_inhalt.html,update to the canonical URL,2671
https://www.bundestag.de,OK,200,https://www.bundestag.de/,,2672
https://correctiv.org/en,OK,200,https://correctiv.org/en/,,2676
https://fragdenstaat.de,OK,200,https://fragdenstaat.de/,,2676
https://www.bfdi.bund.de,REDIRECT,200,https://www.bfdi.bund.de/DE/Home/home_node.html,update to the canonical URL,2688
https://en.wikipedia.org/wiki/Wirecard_scandal,OK,200,https://en.wikipedia.org/wiki/Wirecard_scandal,,2695
https://correctiv.org/en/thema/latest-stories/cumex-files-en/,OK,200,https://correctiv.org/en/thema/latest-stories/cumex-files-en/,,2696
https://www.bundesregierung.de/,REDIRECT,200,https://www.bundesregierung.de/breg-de,update to the canonical URL,2702
https://www.denic.de/,OK,200,https://www.denic.de/,,2721
https://www.dgse.gouv.fr,REDIRECT,200,https://www.dgse.gouv.fr/fr,update to the canonical URL,2735
https://www.dgsi.gouv.fr,NO_RESPONSE,,,ConnectionError,2736
https://www2.assemblee-nationale.fr/documents/liste?type=rapports-information,OK,200,https://www2.assemblee-nationale.fr/documents/liste?type=rapports-information,,2738
https://www.legifrance.gouv.fr/eli/loi/2015/11/30/DEFX1414385L/jo/texte,BLOCKED,403,https://www.legifrance.gouv.fr/eli/loi/2015/11/30/DEFX1414385L/jo/texte,"WAF, geo-restriction or login wall: check in a browser",2740
https://www.infogreffe.fr,BLOCKED,403,https://www.infogreffe.fr/,"WAF, geo-restriction or login wall: check in a browser",2748
https://www.pappers.fr,BLOCKED,403,https://www.pappers.fr/,"WAF, geo-restriction or login wall: check in a browser",2749
https://www.data.gouv.fr,OK,200,https://www.data.gouv.fr/,,2750
https://www.legifrance.gouv.fr,BLOCKED,403,https://www.legifrance.gouv.fr/,"WAF, geo-restriction or login wall: check in a browser",2751
https://www.insee.fr/fr/accueil,OK,200,https://www.insee.fr/fr/accueil,,2752
https://www.bodacc.fr,REDIRECT,200,https://www.bodacc.fr/pages/home/,update to the canonical URL,2753
https://www.mediapart.fr/en/english,OK,200,https://www.mediapart.fr/en/english,,2757
https://disclose.ngo,REDIRECT,200,https://disclose.ngo/en,update to the canonical URL,2757
https://annuaire-entreprises.data.gouv.fr,OK,200,https://annuaire-entreprises.data.gouv.fr/,,2766
https://www.cnil.fr/en,OK,200,https://www.cnil.fr/en,,2769
https://en.wikipedia.org/wiki/Jérôme_Cahuzac,REDIRECT,200,https://en.wikipedia.org/wiki/J%C3%A9r%C3%B4me_Cahuzac,update to the canonical URL,2776
https://citizenlab.ca/research/catalangate-extensive-mercenary-spyware-operation-against-catalans-using-pegasus-candiru/,OK,200,https://citizenlab.ca/research/catalangate-extensive-mercenary-spyware-operation-against-catalans-using-pegasus-candiru/,,2777
https://www.cni.es/en,OK,200,https://www.cni.es/en,,2789
https://www.boe.es/buscar/doc.php?id=BOE-A-1995-22306,OK,200,https://www.boe.es/buscar/doc.php?id=BOE-A-1995-22306,,2791
https://www.ccn-cert.cni.es/en/,BLOCKED,403,https://www.ccn-cert.cni.es/en/,"WAF, geo-restriction or login wall: check in a browser",2793
https://www.incibe.es,OK,200,https://www.incibe.es/,,2794
https://www.boe.es/diario_borme/,OK,200,https://www.boe.es/diario_borme/,,2801
https://www.boe.es,OK,200,https://www.boe.es/,,2802
https://datos.gob.es/en,OK,200,https://datos.gob.es/en/,,2803
https://www.registradores.org,OK,200,https://www.registradores.org/,,2804
https://www.aepd.es,OK,200,https://www.aepd.es/,,2805
https://www.congreso.es/es/,OK,200,https://www.congreso.es/es/,,2806
https://civio.es/en/,OK,200,https://civio.es/en/,,2810
https://www.sicurezzanazionale.gov.it,OK,200,https://www.sicurezzanazionale.gov.it/,,2839
https://www.sicurezzanazionale.gov.it/pubblicazioni/relazione-annuale-al-parlamento,OK,200,https://www.sicurezzanazionale.gov.it/pubblicazioni/relazione-annuale-al-parlamento,,2842
https://www.normattiva.it/uri-res/N2Ls?urn:nir:stato:legge:2007-08-03;124,OK,200,https://www.normattiva.it/uri-res/N2Ls?urn:nir:stato:legge:2007-08-03;124,,2844
https://www.acn.gov.it/portale/home,OK,200,https://www.acn.gov.it/portale/home,,2845
https://www.registroimprese.it,OK,200,https://www.registroimprese.it/,,2851
https://www.gazzettaufficiale.it,OK,200,https://www.gazzettaufficiale.it/,,2852
https://www.inps.it,OK,200,https://www.inps.it/,,2853
https://www.istat.it,OK,200,https://www.istat.it/,,2854
https://www.garanteprivacy.it,OK,200,https://www.garanteprivacy.it/,,2855
https://www.dati.gov.it,OK,200,https://www.dati.gov.it/,,2856
https://irpimedia.irpi.eu/en/,OK,200,https://irpimedia.irpi.eu/en/,,2860
https://en.wikipedia.org/wiki/Mafia_Capitale,OK,200,https://en.wikipedia.org/wiki/Mafia_Capitale,,2876
https://aw.gov.pl/,OK,200,https://aw.gov.pl/,,2888
https://www.abw.gov.pl,OK,200,https://www.abw.gov.pl/,,2889
https://www.bbn.gov.pl,NO_RESPONSE,,,ReadTimeout,2891
https://isap.sejm.gov.pl/isap.nsf/DocDetails.xsp?id=WDU2002065118,OK,200,https://isap.sejm.gov.pl/isap.nsf/DocDetails.xsp?id=WDU2002065118,,2893
https://www.nask.pl/en,REDIRECT,200,https://www.nask.pl/en/institute,update to the canonical URL,2894
https://prs.ms.gov.pl/krs,OK,200,https://prs.ms.gov.pl/krs,,2901
https://biznes.gov.pl/en/wyszukiwarka-firm,OK,200,https://biznes.gov.pl/en/wyszukiwarka-firm,,2902
https://dane.gov.pl/en/dataset,OK,200,https://dane.gov.pl/en/dataset,,2903
https://www.dziennikustaw.gov.pl/DU,OK,200,https://www.dziennikustaw.gov.pl/DU,,2904
https://uodo.gov.pl/en,OK,200,https://uodo.gov.pl/en,,2905
https://www.sejm.gov.pl,OK,200,https://www.sejm.gov.pl/,,2906
https://wyborcza.pl,REDIRECT,200,"https://wyborcza.pl/0,0.html",update to the canonical URL,2909
https://oko.press,OK,200,https://oko.press/,,2909
https://www.batory.org.pl,REDIRECT,200,https://www.batory.org.pl/en/,update to the canonical URL,2910
https://sekurak.pl,OK,200,https://sekurak.pl/,,2911
https://github.com/9wind/OSINT-Poland,OK,200,https://github.com/9wind/OSINT-Poland,,2911
https://www.svr.gov.ru,NO_RESPONSE,,,TLS error,2941
https://structure.mil.ru/structure/forces/hq/general.htm,NO_RESPONSE,,,TLS error,2942
https://www.fsb.ru,NO_RESPONSE,,,TLS error,2943
https://www.csis.org/analysis/russias-shadow-war-against-west,OK,200,https://www.csis.org/analysis/russias-shadow-war-against-west,,2946
https://checkfirst.network/unveiling-grus-information-operations-troops-with-osint-and-medals,OK,200,https://checkfirst.network/unveiling-grus-information-operations-troops-with-osint-and-medals/,,2947
https://www.bellingcat.com/tag/russia/,OK,200,https://www.bellingcat.com/tag/russia/,,2948
https://www.nalog.gov.ru/rn77/,OK,200,https://www.nalog.gov.ru/rn77/,,2957
https://egrul.nalog.ru,NO_RESPONSE,,,ConnectionError,2958
https://publication.pravo.gov.ru,NO_RESPONSE,,,TLS error,2959
https://www.rosstat.gov.ru,OK,200,https://www.rosstat.gov.ru/,,2960
https://en.kremlin.ru,NO_RESPONSE,,,TLS error,2961
https://meduza.io,OK,200,https://meduza.io/,,2964
https://novayagazeta.eu,OK,200,https://novayagazeta.eu/,,2964
https://www.themoscowtimes.com,OK,200,https://www.themoscowtimes.com/,,2964
https://agentstvo.net,NO_RESPONSE,,,TLS error,2965
https://rupep.org/en,BLOCKED,403,https://rupep.org/en,"WAF, geo-restriction or login wall: check in a browser",2969
https://www.bellingcat.com/news/2020/12/14/fsb-team-of-chemical-weapon-experts-implicated-in-alexey-navalny-novichok-poisoning/,OK,200,https://www.bellingcat.com/news/2020/12/14/fsb-team-of-chemical-weapon-experts-implicated-in-alexey-navalny-novichok-poisoning/,,2985
https://szru.gov.ua,BLOCKED,403,https://szru.gov.ua/,"WAF, geo-restriction or login wall: check in a browser",2996
https://www.gur.gov.ua,BLOCKED,403,https://gur.gov.ua//,"WAF, geo-restriction or login wall: check in a browser",2997
https://molfar.com,OK,200,https://molfar.com/,,3001
https://war-sanctions.gur.gov.ua,OK,200,https://war-sanctions.gur.gov.ua/,,3004
https://www.bellingcat.com/tag/ukraine/,OK,200,https://www.bellingcat.com/tag/ukraine/,,3005
https://youcontrol.com.ua,BLOCKED,403,https://youcontrol.com.ua/,"WAF, geo-restriction or login wall: check in a browser",3011
https://usr.minjust.gov.ua,NO_RESPONSE,,,TLS error,3012
https://prozorro.gov.ua,OK,200,https://prozorro.gov.ua/,,3013
https://data.gov.ua,OK,200,https://data.gov.ua/,,3014
https://www.rada.gov.ua,OK,200,https://www.rada.gov.ua/,,3015
https://bihus.info,OK,200,https://bihus.info/,,3019
https://www.gov.cn,OK,200,https://www.gov.cn/,,3047
https://www.iiss.org/online-analysis/online-analysis/2024/05/chinas-new-information-support-force,BLOCKED,403,https://www.iiss.org/online-analysis/online-analysis/2024/05/chinas-new-information-support-force,"WAF, geo-restriction or login wall: check in a browser",3048
https://www.cna.org/our-media/indepth/2024/08/chinese-information-support-force,OK,200,https://www.cna.org/our-media/indepth/2024/08/chinese-information-support-force,,3048
https://www.recordedfuture.com/research/artificial-eyes-generative-ai-chinas-military-intelligence,OK,200,https://www.recordedfuture.com/research/artificial-eyes-generative-ai-chinas-military-intelligence,,3051
https://media.defense.gov/2024/dec/18/2003615520/-1/-1/0/military-and-security-developments-involving-the-peoples-republic-of-china-2024.pdf,BLOCKED,403,https://media.defense.gov/2024/dec/18/2003615520/-1/-1/0/military-and-security-developments-involving-the-peoples-republic-of-china-2024.pdf,"WAF, geo-restriction or login wall: check in a browser",3052
http://www.gsxt.gov.cn,OK,521,http://www.gsxt.gov.cn/,,3061
http://www.creditchina.gov.cn,BLOCKED,412,https://www.creditchina.gov.cn/,"WAF, geo-restriction or login wall: check in a browser",3062
https://www.sse.com.cn,OK,200,https://www.sse.com.cn/,,3064
https://www.szse.cn/index/index.html,NO_RESPONSE,,,TLS error,3065
https://www.chinacourt.cn/index.shtml,BLOCKED,403,https://www.chinacourt.cn/index.shtml,"WAF, geo-restriction or login wall: check in a browser",3066
https://chinadigitaltimes.net,BLOCKED,403,https://chinadigitaltimes.net/,"WAF, geo-restriction or login wall: check in a browser",3072
https://thechinaproject.com,OK,200,https://thechinaproject.com/,,3072
https://www.chinafile.com,OK,200,https://www.chinafile.com/,,3072
https://www.aspi.org.au,OK,200,https://www.aspi.org.au/,,3073
https://xjdp.aspi.org.au,BLOCKED,403,https://xjdp.aspi.org.au/,"WAF, geo-restriction or login wall: check in a browser",3073
https://www.chinafile.com/library,OK,200,https://www.chinafile.com/library,,3079
https://shahit.biz/eng/,BLOCKED,403,https://shahit.biz/eng/,"WAF, geo-restriction or login wall: check in a browser",3082
https://www.stats.gov.cn/,OK,200,https://www.stats.gov.cn/,,3098
https://www.cnnic.net.cn/,OK,200,https://www.cnnic.net.cn/,,3099
https://www.ccgp.gov.cn/,BLOCKED,403,https://www.ccgp.gov.cn/,"WAF, geo-restriction or login wall: check in a browser",3114
https://en.wikipedia.org/wiki/Reconnaissance_General_Bureau,OK,200,https://en.wikipedia.org/wiki/Reconnaissance_General_Bureau,,3134
https://www.hrnk.org/documentations/the-reconnaissance-general-bureau-the-kim-regimes-precious-treasured-sword,OK,200,https://www.hrnk.org/documentations/the-reconnaissance-general-bureau-the-kim-regimes-precious-treasured-sword/,,3138
https://www.38north.org/2024/12/open-source-intelligence-and-north-korea-an-interview-with-uk-air-vice-marshal-ret-sean-corbett/,BLOCKED,403,https://www.38north.org/2024/12/open-source-intelligence-and-north-korea-an-interview-with-uk-air-vice-marshal-ret-sean-corbett/,"WAF, geo-restriction or login wall: check in a browser",3139
https://www.koreaherald.com/article/10805054,OK,200,https://www.koreaherald.com/article/10805054,,3140
https://www.38north.org,BLOCKED,403,https://www.38north.org/,"WAF, geo-restriction or login wall: check in a browser",3147
https://www.nknews.org,OK,200,https://www.nknews.org/,,3148
https://www.nknews.org/pro,OK,200,https://www.nknews.org/pro/,,3149
https://www.nkeconwatch.com,BLOCKED,403,https://www.nkeconwatch.com/,"WAF, geo-restriction or login wall: check in a browser",3150
https://www.dailynk.com,OK,200,https://www.dailynk.com/,,3154
https://nksc.co.kr,OK,200,https://nksc.co.kr/,,3155
https://beyondparallel.csis.org,OK,200,https://beyondparallel.csis.org/,,3156
https://www.fbi.gov/news/pressrel/press-releases/update-on-sony-investigation,BLOCKED,403,https://www.fbi.gov/news/pressrel/press-releases/update-on-sony-investigation,"WAF, geo-restriction or login wall: check in a browser",3170
https://www.fbi.gov/wanted/cyber/fraudulent-remote-it-workers-from-dprk,BLOCKED,403,https://www.fbi.gov/wanted/cyber/fraudulent-remote-it-workers-from-dprk,"WAF, geo-restriction or login wall: check in a browser",3172
https://eng.nis.go.kr/,OK,200,https://eng.nis.go.kr/,,3182
https://www.nis.go.kr,OK,200,https://www.nis.go.kr/,,3182
https://asiasociety.org/korea/risks-intelligence-failure-rok-and-why-it-matters,BLOCKED,403,https://asiasociety.org/korea/risks-intelligence-failure-rok-and-why-it-matters,"WAF, geo-restriction or login wall: check in a browser",3186
https://osintteam.blog/overview-of-the-osint-landscape-in-south-korea-61b699276339,BLOCKED,403,https://osintteam.blog/overview-of-the-osint-landscape-in-south-korea-61b699276339,"WAF, geo-restriction or login wall: check in a browser",3187
https://www.hometax.go.kr,OK,200,https://www.hometax.go.kr/,,3193
https://www.data.go.kr,OK,200,https://www.data.go.kr/,,3194
https://www.nice.co.kr,OK,200,https://www.nice.co.kr/,,3195
https://dart.fss.or.kr,OK,200,https://dart.fss.or.kr/,,3196
https://www.koreabizwire.com,BLOCKED,406,https://www.koreabizwire.com/,"WAF, geo-restriction or login wall: check in a browser",3197
https://www.newstapa.com,NO_RESPONSE,,,ReadTimeout,3201
https://osintteam.blog,BLOCKED,403,https://osintteam.blog/,"WAF, geo-restriction or login wall: check in a browser",3202
https://en.wikipedia.org/wiki/2016_South_Korean_political_scandal,OK,200,https://en.wikipedia.org/wiki/2016_South_Korean_political_scandal,,3218
https://www.cas.go.jp/jp/gaiyou/jimu/jyouhoutyousa/en/index.html,OK,200,https://www.cas.go.jp/jp/gaiyou/jimu/jyouhoutyousa/en/index.html,,3229
https://www.moj.go.jp/psia/,OK,200,https://www.moj.go.jp/psia/,,3230
https://www.aljazeera.com/news/2026/7/13/what-is-japans-new-intelligence-agency-and-why-is-tokyo-building-it,OK,200,https://www.aljazeera.com/news/2026/7/13/what-is-japans-new-intelligence-agency-and-why-is-tokyo-building-it,,3232
https://thediplomat.com/2026/06/japan-is-re-engineering-its-intelligence-apparatus,BLOCKED,403,https://thediplomat.com/2026/06/japan-is-re-engineering-its-intelligence-apparatus,"WAF, geo-restriction or login wall: check in a browser",3233
https://www.nta.go.jp/english/,OK,200,https://www.nta.go.jp/english/,,3242
https://www.houjin-bangou.nta.go.jp/,OK,200,https://www.houjin-bangou.nta.go.jp/,,3243
https://www.e-gov.go.jp,OK,200,https://www.e-gov.go.jp/,,3244
https://www.e-stat.go.jp,OK,200,https://www.e-stat.go.jp/,,3245
https://www.jpo.go.jp,OK,200,https://www.jpo.go.jp/,,3246
https://factcheckcenter.jp,REDIRECT,200,https://www.factcheckcenter.jp/,update to the canonical URL,3252
https://www.mossad.gov.il/eng,OK,200,https://www.mossad.gov.il/eng,,3285
https://www.shabak.gov.il,BLOCKED,403,https://www.shabak.gov.il/,"WAF, geo-restriction or login wall: check in a browser",3286
https://www.bellingcat.com/tag/middle-east/,OK,200,https://www.bellingcat.com/tag/middle-east/,,3291
https://ica.justice.gov.il,REDIRECT,200,https://ica.justice.gov.il/GenericCorporarionInfo/SearchCorporation?unit=8,update to the canonical URL,3301
https://www.nevo.co.il,OK,200,https://www.nevo.co.il/,,3302
https://data.gov.il,REDIRECT,200,https://data.gov.il/he,update to the canonical URL,3303
https://mmi.gov.il,NO_RESPONSE,,,ConnectionError,3304
https://www.boi.org.il,OK,200,https://www.boi.org.il/,,3305
https://main.knesset.gov.il,REDIRECT,247,https://main.knesset.gov.il/Pages/default.aspx,update to the canonical URL,3306
https://www.haaretz.com,OK,200,https://www.haaretz.com/,,3309
https://www.jpost.com,OK,200,https://www.jpost.com/,,3309
https://www.timesofisrael.com,BLOCKED,403,https://www.timesofisrael.com/,"WAF, geo-restriction or login wall: check in a browser",3309
https://www.ynetnews.com,REDIRECT,200,https://www.ynetnews.com/category/3083,update to the canonical URL,3309
https://972mag.com,BLOCKED,403,https://www.972mag.com/,"WAF, geo-restriction or login wall: check in a browser",3311
https://www.btselem.org,BLOCKED,429,https://www.btselem.org/,"WAF, geo-restriction or login wall: check in a browser",3311
https://forbiddenstories.org/about-the-pegasus-project/,OK,200,https://forbiddenstories.org/about-the-pegasus-project/,,3331
http://www.moi.ir,BLOCKED,403,http://www.moi.ir/,"WAF, geo-restriction or login wall: check in a browser",3342
https://falconfeeds.io/blogs/iran-cyber-operatives-irgc-mois-state-attribution-2026,OK,200,https://falconfeeds.io/blogs/iran-cyber-operatives-irgc-mois-state-attribution-2026/,,3347
https://content.iranintl.com/secret-spy-unit-leads-irans-intel-gathering-for-surveillance-deadly-plots/,OK,200,https://content.iranintl.com/secret-spy-unit-leads-irans-intel-gathering-for-surveillance-deadly-plots/,,3348
https://www.osint.industries/webinar/unmasking-irans-cyber-fronts-an-osint-guide-to-irgc-attribution,OK,200,https://www.osint.industries/webinar/unmasking-irans-cyber-fronts-an-osint-guide-to-irgc-attribution,,3349
http://www.rrk.ir,NO_RESPONSE,,,ConnectionError,3356
https://iranopendata.org,BLOCKED,403,https://iranopendata.org/,"WAF, geo-restriction or login wall: check in a browser",3357
https://www.cbi.ir,OK,200,https://www.cbi.ir/,,3358
https://iranintl.com,REDIRECT,200,https://www.iranintl.com/,update to the canonical URL,3363
https://www.radiofarda.com,OK,200,https://www.radiofarda.com/,,3363
https://iranwire.com,BLOCKED,403,https://iranwire.com/,"WAF, geo-restriction or login wall: check in a browser",3363
https://www.iranhumanrights.org,REDIRECT,200,https://iranhumanrights.org/,update to the canonical URL,3365
https://iranhr.net,BLOCKED,403,https://iranhr.net/,"WAF, geo-restriction or login wall: check in a browser",3365
https://www.gip.gov.sa,NO_RESPONSE,,,TLS error,3396
https://mc.gov.sa,REDIRECT,200,https://mc.gov.sa/ar/pages/default.aspx,update to the canonical URL,3406
https://www.ummulqura.org.sa,OK,200,https://www.ummulqura.org.sa/,,3407
https://www.sdaia.gov.sa/en,NO_RESPONSE,,,ConnectionError,3408
https://data.gov.sa,NO_RESPONSE,,,TLS error,3409
https://www.saudiexchange.sa,BLOCKED,403,https://www.saudiexchange.sa/,"WAF, geo-restriction or login wall: check in a browser",3410
https://alqst.org,REDIRECT,200,https://www.alqst.org/ar,update to the canonical URL,3414
https://dawnmena.org,OK,200,https://dawnmena.org/,,3414
https://www.bellingcat.com/news/middle-east/2018/10/15/examining-cctv-videos-saudi-consulate-istanbul-connected-khashoggis-disappearance/,OK,200,https://www.bellingcat.com/news/middle-east/2018/10/15/examining-cctv-videos-saudi-consulate-istanbul-connected-khashoggis-disappearance/,,3432
https://citizenlab.ca/tag/saudi-arabia/,OK,200,https://citizenlab.ca/tag/saudi-arabia/,,3433
https://www.mit.gov.tr,OK,200,https://www.mit.gov.tr/,,3444
https://www.mevzuat.gov.tr/mevzuatmetin/1.5.2937.pdf,OK,200,https://www.mevzuat.gov.tr/mevzuatmetin/1.5.2937.pdf,,3448
https://www.mersis.gov.tr,NO_RESPONSE,,,ConnectionError,3455
https://www.turkiye.gov.tr,OK,200,https://www.turkiye.gov.tr/,,3456
https://tobb.org.tr,REDIRECT,200,https://tobb.org.tr/Sayfalar/AnaSayfa.php,update to the canonical URL,3457
https://www.resmigazete.gov.tr,OK,200,https://www.resmigazete.gov.tr/,,3458
https://www.tuik.gov.tr,OK,200,https://www.tuik.gov.tr/,,3459
https://artigercek.com,OK,200,https://artigercek.com/,,3463
https://p24.com.tr,NO_RESPONSE,,,ConnectionError,3464
https://stockholmcf.org,OK,200,https://stockholmcf.org/,,3464
https://nordicmonitor.com,OK,200,https://nordicmonitor.com/,,3464
https://www.asio.gov.au,NO_RESPONSE,,,ReadTimeout,3498
https://www.asis.gov.au,OK,200,https://www.asis.gov.au/,,3499
https://www.asd.gov.au,NO_RESPONSE,,,ReadTimeout,3500
https://www.oni.gov.au,NO_RESPONSE,,,ReadTimeout,3501
https://www.legislation.gov.au/Details/C2018C00384,OK,200,https://www.legislation.gov.au/Details/C2018C00384,,3504
https://www.cyber.gov.au/about-us/reports-and-statistics/asds-annual-cyber-threat-report,NO_RESPONSE,,,ReadTimeout,3505
https://abr.business.gov.au,OK,200,https://abr.business.gov.au/,,3511
https://service.asic.gov.au/companysearch/,OK,200,https://service.asic.gov.au/companysearch/,,3512
https://data.gov.au,OK,200,https://data.gov.au/,,3513
https://www.legislation.gov.au,OK,200,https://www.legislation.gov.au/,,3514
https://www.abc.net.au,OK,200,https://www.abc.net.au/,,3518
https://www.theguardian.com/au,OK,200,https://www.theguardian.com/au,,3518
https://www.smh.com.au,OK,200,https://www.smh.com.au/,,3518
https://openpolitics.au/,OK,200,https://openpolitics.au/,,3525
http://ryersonindex.org/search.php,OK,200,http://ryersonindex.org/search.php,,3526
https://www.bellingcat.com/news/europe/2017/07/17/mh17-open-source-investigation-three-years-later/,OK,200,https://www.bellingcat.com/news/europe/2017/07/17/mh17-open-source-investigation-three-years-later/,,3557
https://www.bellingcat.com/resources/2020/12/14/navalny-fsb-methodology/,OK,200,https://www.bellingcat.com/resources/2020/12/14/navalny-fsb-methodology/,,3562
https://www.bellingcat.com/news/2022/02/27/follow-the-russia-ukraine-monitor-map/,OK,200,https://www.bellingcat.com/news/2022/02/27/follow-the-russia-ukraine-monitor-map/,,3564
https://cloud.google.com/blog/topics/threat-intelligence/unc2452-merged-into-apt29,OK,200,https://cloud.google.com/blog/topics/threat-intelligence/unc2452-merged-into-apt29,,3598
https://services.google.com/fh/files/misc/m-trends-2025-en.pdf,OK,200,https://services.google.com/fh/files/misc/m-trends-2025-en.pdf,,3599
https://cloud.google.com/security/resources/insights/apt-groups,OK,200,https://cloud.google.com/security/resources/insights/apt-groups,,3600
https://cloud.google.com/blog/topics/threat-intelligence/trade-offs-attribution,OK,200,https://cloud.google.com/blog/topics/threat-intelligence/trade-offs-attribution,,3601
https://gtidocs.virustotal.com/docs/suspected-attribution,OK,200,https://gtidocs.virustotal.com/docs/suspected-attribution,,3609
https://en.wikipedia.org/wiki/Fancy_Bear,OK,200,https://en.wikipedia.org/wiki/Fancy_Bear,,3634
https://www.crowdstrike.com/en-us/global-threat-report/,OK,200,https://www.crowdstrike.com/en-us/global-threat-report/,,3635
https://www.crowdstrike.com/en-us/adversaries/,OK,200,https://www.crowdstrike.com/en-us/adversaries/,,3648
https://learn.microsoft.com/en-us/unified-secops/microsoft-threat-actor-naming,REDIRECT,200,https://learn.microsoft.com/en-us/defender-xdr/microsoft-threat-actor-naming,update to the canonical URL,3653
https://www.recordedfuture.com/research,OK,200,https://www.recordedfuture.com/research,,3661
https://cloud.google.com/blog/topics/threat-intelligence,OK,200,https://cloud.google.com/blog/topics/threat-intelligence,,3698
https://gtidocs.virustotal.com/,OK,200,https://gtidocs.virustotal.com/,,3701
https://www.virustotal.com/gui/,OK,200,https://www.virustotal.com/gui/,,3702
https://github.com/mandiant,OK,200,https://github.com/mandiant,,3703
https://www.microsoft.com/en-us/security/security-insider/threat-landscape/microsoft-digital-defense-report-2024,OK,200,https://www.microsoft.com/en-us/security/security-insider/threat-landscape/microsoft-digital-defense-report-2024,,3719
https://www.microsoft.com/en-us/security/blog,OK,200,https://www.microsoft.com/en-us/security/blog/,,3746
https://www.microsoft.com/en-us/msrc,OK,200,https://www.microsoft.com/en-us/msrc,,3749
https://blog.talosintelligence.com/2025-talos-year-in-review-speed-scale-and-staying-power/,OK,200,https://blog.talosintelligence.com/2025-talos-year-in-review-speed-scale-and-staying-power/,,3787
https://github.com/Cisco-Talos,OK,200,https://github.com/Cisco-Talos,,3788
https://securelist.com/stuxnet-zero-victims/67483/,OK,200,https://securelist.com/stuxnet-zero-victims/67483/,,3796
https://securelist.com/the-flame-questions-and-answers/34344/,OK,200,https://securelist.com/the-flame-questions-and-answers/34344/,,3797
https://securelist.com/gauss-abnormal-distribution/36620/,OK,200,https://securelist.com/gauss-abnormal-distribution/36620/,,3798
https://securelist.com/investigation-report-for-the-september-2014-equation-malware-detection-incident-in-the-us/83210/,OK,200,https://securelist.com/investigation-report-for-the-september-2014-equation-malware-detection-incident-in-the-us/83210/,,3799
https://en.wikipedia.org/wiki/Kaspersky_Lab,OK,200,https://en.wikipedia.org/wiki/Kaspersky_Lab,,3819
https://gti.kaspersky.com/en,OK,200,https://gti.kaspersky.com/en,,3821
https://www.kaspersky.com/transparency-center,OK,200,https://www.kaspersky.com/transparency-center,,3821
https://www.kaspersky.com/enterprise-security/threat-intelligence,OK,200,https://www.kaspersky.com/enterprise-security/threat-intelligence,,3829
https://github.com/kaspersky,OK,200,https://github.com/kaspersky,,3831
